Group Starts,Avg - Delay (Peace Arch South NEXUS),Avg - Delay (Peace Arch South Cars),Avg - Delay (Peace Arch North Cars),Avg - Delay (Peace Arch North NEXUS)
2013-01-05 00:00:00,,0.6,4.1,
2013-01-05 01:00:00,,0.0,0.0,
2013-01-05 02:00:00,,0.0,0.0,
2013-01-05 03:00:00,,0.0,0.0,
2013-01-05 04:00:00,,0.0,0.0,
2013-01-05 05:00:00,,1.1,0.0,
2013-01-05 06:00:00,0.0,1.8,0.0,
2013-01-05 07:00:00,0.3,0.5,1.8,0.0
2013-01-05 08:00:00,8.3,14.8,0.0,0.0
2013-01-05 09:00:00,4.1,31.8,0.0,0.0
2013-01-05 10:00:00,5.8,35.0,0.0,0.0
2013-01-05 11:00:00,10.1,46.8,14.8,0.0
2013-01-05 12:00:00,8.6,40.2,5.9,0.0
2013-01-05 13:00:00,4.0,35.2,8.4,0.0
2013-01-05 14:00:00,2.7,21.0,5.1,0.0
2013-01-05 15:00:00,3.8,9.8,0.0,0.0
2013-01-05 16:00:00,5.8,9.4,6.0,3.6
2013-01-05 17:00:00,0.0,1.8,10.9,3.8
2013-01-05 18:00:00,0.0,0.3,13.1,3.4
2013-01-05 19:00:00,0.0,0.9,6.9,0.0
2013-01-05 20:00:00,,0.3,1.6,0.0
2013-01-05 21:00:00,,0.0,0.0,0.0
2013-01-05 22:00:00,,0.0,1.1,0.0
2013-01-05 23:00:00,,0.3,2.4,0.0
2013-01-06 00:00:00,,0.3,17.4,
2013-01-06 01:00:00,,0.0,0.0,
2013-01-06 02:00:00,,0.0,0.0,
2013-01-06 03:00:00,,0.0,0.0,
2013-01-06 04:00:00,,0.0,0.0,
2013-01-06 05:00:00,,0.1,0.0,
2013-01-06 06:00:00,0.0,0.3,0.0,
2013-01-06 07:00:00,0.7,6.4,0.0,0.0
2013-01-06 08:00:00,2.7,13.5,0.0,0.0
2013-01-06 09:00:00,1.2,5.4,0.0,0.0
2013-01-06 10:00:00,4.5,5.6,1.3,0.0
2013-01-06 11:00:00,8.0,9.1,5.1,0.0
2013-01-06 12:00:00,10.7,15.1,3.7,1.0
2013-01-06 13:00:00,7.8,17.4,7.9,0.0
2013-01-06 14:00:00,6.8,10.5,5.9,0.0
2013-01-06 15:00:00,0.8,5.2,1.0,0.0
2013-01-06 16:00:00,0.0,1.3,16.8,0.0
2013-01-06 17:00:00,0.0,1.8,40.1,0.0
2013-01-06 18:00:00,0.0,0.8,42.7,0.0
2013-01-06 19:00:00,0.0,0.0,34.8,0.0
2013-01-06 20:00:00,,0.8,7.2,0.0
2013-01-06 21:00:00,,1.0,0.0,0.0
2013-01-06 22:00:00,,0.1,0.0,0.0
2013-01-06 23:00:00,,0.3,0.0,0.0
2013-01-12 00:00:00,,0.3,0.0,
2013-01-12 01:00:00,,0.1,0.0,
2013-01-12 02:00:00,,0.0,0.0,
2013-01-12 03:00:00,,0.0,0.0,
2013-01-12 04:00:00,,0.4,0.0,
2013-01-12 05:00:00,,0.5,0.0,
2013-01-12 06:00:00,0.1,0.6,1.0,
2013-01-12 07:00:00,0.1,0.3,3.9,0.0
2013-01-12 08:00:00,0.2,2.5,1.6,0.0
2013-01-12 09:00:00,5.5,23.2,0.0,0.0
2013-01-12 10:00:00,7.5,22.0,2.5,0.0
2013-01-12 11:00:00,15.7,28.3,0.0,0.3
2013-01-12 12:00:00,7.4,14.6,0.0,4.8
2013-01-12 13:00:00,9.8,21.5,1.3,0.4
2013-01-12 14:00:00,6.2,15.5,0.0,0.0
2013-01-12 15:00:00,1.6,4.4,0.0,0.3
2013-01-12 16:00:00,0.0,1.1,0.0,0.0
2013-01-12 17:00:00,0.0,0.1,12.4,0.0
2013-01-12 18:00:00,0.0,0.0,11.7,0.0
2013-01-12 19:00:00,0.0,4.0,0.0,0.0
2013-01-12 20:00:00,,0.7,1.9,0.0
2013-01-12 21:00:00,,1.3,0.0,0.0
2013-01-12 22:00:00,,0.2,0.0,0.0
2013-01-12 23:00:00,,0.9,0.0,0.0
2013-01-13 00:00:00,,0.2,1.1,
2013-01-13 01:00:00,,0.0,2.1,
2013-01-13 02:00:00,,0.0,0.0,
2013-01-13 03:00:00,,0.0,0.0,
2013-01-13 04:00:00,,0.0,0.0,
2013-01-13 05:00:00,,0.0,0.0,
2013-01-13 06:00:00,0.0,0.3,0.0,
2013-01-13 07:00:00,0.9,9.3,0.0,0.0
2013-01-13 08:00:00,2.3,11.0,0.8,0.0
2013-01-13 09:00:00,1.0,2.0,3.4,0.0
2013-01-13 10:00:00,5.2,7.8,12.9,0.0
2013-01-13 11:00:00,5.1,7.6,11.7,0.0
2013-01-13 12:00:00,5.8,14.9,7.9,0.0
2013-01-13 13:00:00,6.1,21.3,42.9,0.0
2013-01-13 14:00:00,4.5,10.5,25.7,0.0
2013-01-13 15:00:00,2.7,13.4,36.5,0.3
2013-01-13 16:00:00,0.3,10.4,20.2,0.3
2013-01-13 17:00:00,0.0,0.7,22.0,0.8
2013-01-13 18:00:00,0.0,0.8,34.0,0.0
2013-01-13 19:00:00,0.0,0.8,17.6,0.0
2013-01-13 20:00:00,0.0,1.7,0.0,0.0
2013-01-13 21:00:00,0.0,0.7,0.0,0.0
2013-01-13 22:00:00,0.0,0.0,0.0,0.0
2013-01-13 23:00:00,0.0,0.3,0.0,0.0
2013-01-19 00:00:00,,0.0,0.0,
2013-01-19 01:00:00,,0.1,0.0,
2013-01-19 02:00:00,,0.0,0.0,
2013-01-19 03:00:00,,0.0,0.0,
2013-01-19 04:00:00,,0.0,0.0,
2013-01-19 05:00:00,,1.6,0.0,
2013-01-19 06:00:00,0.0,0.4,0.0,
2013-01-19 07:00:00,0.2,2.8,0.0,0.0
2013-01-19 08:00:00,5.1,27.4,2.5,0.0
2013-01-19 09:00:00,6.6,38.9,0.0,0.0
2013-01-19 10:00:00,24.8,39.8,1.1,0.0
2013-01-19 11:00:00,16.0,32.8,24.9,0.6
2013-01-19 12:00:00,10.9,27.3,33.8,3.3
2013-01-19 13:00:00,1.5,8.8,29.8,3.8
2013-01-19 14:00:00,10.5,14.4,23.1,0.3
2013-01-19 15:00:00,5.6,7.3,15.8,1.4
2013-01-19 16:00:00,0.0,4.6,23.3,0.9
2013-01-19 17:00:00,0.0,2.1,26.3,0.0
2013-01-19 18:00:00,0.0,0.3,43.9,0.0
2013-01-19 19:00:00,0.0,0.3,37.5,0.0
2013-01-19 20:00:00,,0.1,14.9,0.0
2013-01-19 21:00:00,,0.1,6.1,0.0
2013-01-19 22:00:00,,0.4,0.0,0.0
2013-01-19 23:00:00,,0.1,0.0,0.0
2013-01-20 00:00:00,,0.2,0.0,
2013-01-20 01:00:00,,0.0,0.0,
2013-01-20 02:00:00,,0.0,0.0,
2013-01-20 03:00:00,,0.0,0.0,
2013-01-20 04:00:00,,0.0,0.0,
2013-01-20 05:00:00,,0.0,0.0,
2013-01-20 06:00:00,0.0,0.2,0.0,
2013-01-20 07:00:00,0.6,5.4,0.0,0.0
2013-01-20 08:00:00,1.5,6.1,0.0,0.0
2013-01-20 09:00:00,1.3,4.8,0.0,0.0
2013-01-20 10:00:00,11.5,18.5,0.0,0.0
2013-01-20 11:00:00,5.6,14.8,0.0,0.0
2013-01-20 12:00:00,17.2,13.8,0.0,0.0
2013-01-20 13:00:00,2.6,21.3,2.9,0.0
2013-01-20 14:00:00,2.3,21.8,17.8,0.0
2013-01-20 15:00:00,0.3,11.9,24.1,0.6
2013-01-20 16:00:00,0.1,4.9,27.3,0.3
2013-01-20 17:00:00,0.0,1.6,33.3,0.6
2013-01-20 18:00:00,0.0,4.7,37.7,0.0
2013-01-20 19:00:00,0.0,4.0,28.7,0.0
2013-01-20 20:00:00,,1.3,0.0,0.0
2013-01-20 21:00:00,,1.8,2.5,0.0
2013-01-20 22:00:00,,1.1,1.3,0.0
2013-01-20 23:00:00,,0.3,0.0,0.0
2013-01-26 00:00:00,,0.3,0.0,
2013-01-26 01:00:00,,0.1,1.3,
2013-01-26 02:00:00,,0.0,0.0,
2013-01-26 03:00:00,,0.0,0.0,
2013-01-26 04:00:00,,0.0,0.0,
2013-01-26 05:00:00,,0.3,0.0,
2013-01-26 06:00:00,0.0,0.5,0.0,
2013-01-26 07:00:00,0.3,7.9,0.0,0.0
2013-01-26 08:00:00,11.2,30.5,,0.0
2013-01-26 09:00:00,13.8,47.8,,0.0
2013-01-26 10:00:00,8.7,38.2,,0.0
2013-01-26 11:00:00,7.7,41.4,5.7,0.0
2013-01-26 12:00:00,5.5,27.2,5.9,0.0
2013-01-26 13:00:00,4.4,21.9,9.6,0.0
2013-01-26 14:00:00,2.8,15.7,3.1,0.3
2013-01-26 15:00:00,0.2,4.4,18.4,0.0
2013-01-26 16:00:00,0.5,7.8,40.6,0.0
2013-01-26 17:00:00,0.3,5.3,44.3,0.9
2013-01-26 18:00:00,0.0,0.4,57.3,3.3
2013-01-26 19:00:00,0.0,0.5,36.0,4.4
2013-01-26 20:00:00,,0.1,13.8,6.0
2013-01-26 21:00:00,,0.0,5.8,0.0
2013-01-26 22:00:00,,0.9,0.0,0.0
2013-01-26 23:00:00,,1.6,0.0,0.0
2013-01-27 00:00:00,,0.4,0.0,
2013-01-27 01:00:00,0.0,0.0,0.0,
2013-01-27 02:00:00,0.0,0.0,0.0,
2013-01-27 03:00:00,0.0,0.0,0.0,
2013-01-27 04:00:00,0.0,0.0,0.0,
2013-01-27 05:00:00,0.0,0.0,0.0,
2013-01-27 06:00:00,,0.8,0.0,
2013-01-27 07:00:00,,12.6,0.0,0.0
2013-01-27 08:00:00,,9.7,0.0,0.0
2013-01-27 09:00:00,,15.8,0.0,0.0
2013-01-27 10:00:00,,20.8,1.3,0.0
2013-01-27 11:00:00,12.1,28.3,0.0,0.4
2013-01-27 12:00:00,19.4,42.8,0.0,0.3
2013-01-27 13:00:00,7.8,39.3,5.9,0.0
2013-01-27 14:00:00,3.8,36.3,13.1,0.0
2013-01-27 15:00:00,1.8,20.5,27.1,0.0
2013-01-27 16:00:00,0.2,6.8,44.7,0.9
2013-01-27 17:00:00,0.0,1.9,51.3,9.9
2013-01-27 18:00:00,,0.9,39.8,0.6
2013-01-27 19:00:00,,0.4,22.5,0.0
2013-01-27 20:00:00,,1.5,0.0,0.0
2013-01-27 21:00:00,,1.1,0.0,0.0
2013-01-27 22:00:00,,0.6,0.0,0.0
2013-01-27 23:00:00,,0.1,0.0,0.0
2013-02-02 00:00:00,,0.1,0.0,0.0
2013-02-02 01:00:00,,0.0,0.0,
2013-02-02 02:00:00,,0.1,0.0,
2013-02-02 03:00:00,,0.0,0.0,
2013-02-02 04:00:00,,0.0,0.0,
2013-02-02 05:00:00,,0.0,0.0,
2013-02-02 06:00:00,0.2,0.0,0.0,
2013-02-02 07:00:00,1.8,2.2,13.7,0.0
2013-02-02 08:00:00,3.7,12.0,12.7,0.0
2013-02-02 09:00:00,18.7,28.2,3.5,0.0
2013-02-02 10:00:00,8.8,35.8,,0.0
2013-02-02 11:00:00,12.0,46.0,,2.5
2013-02-02 12:00:00,14.3,33.9,,0.0
2013-02-02 13:00:00,3.8,26.7,,0.0
2013-02-02 14:00:00,14.0,18.0,,0.0
2013-02-02 15:00:00,1.9,6.2,,0.9
2013-02-02 16:00:00,5.3,18.5,23.0,0.7
2013-02-02 17:00:00,0.3,9.0,35.7,6.6
2013-02-02 18:00:00,0.0,6.2,38.4,1.3
2013-02-02 19:00:00,0.0,1.8,38.6,0.0
2013-02-02 20:00:00,,0.8,24.7,0.0
2013-02-02 21:00:00,,1.9,8.7,0.0
2013-02-02 22:00:00,,0.2,0.0,0.0
2013-02-02 23:00:00,,1.4,0.0,0.0
2013-02-03 00:00:00,,1.3,1.8,0.0
2013-02-03 01:00:00,,0.2,0.0,
2013-02-03 02:00:00,,0.0,0.0,
2013-02-03 03:00:00,,0.7,0.0,
2013-02-03 04:00:00,,0.7,0.0,
2013-02-03 05:00:00,,0.1,0.0,
2013-02-03 06:00:00,,0.1,0.0,
2013-02-03 07:00:00,,7.6,0.0,0.0
2013-02-03 08:00:00,1.3,6.7,0.0,0.0
2013-02-03 09:00:00,0.0,1.4,0.0,0.0
2013-02-03 10:00:00,7.2,11.2,0.0,0.0
2013-02-03 11:00:00,3.7,11.6,2.8,0.0
2013-02-03 12:00:00,11.8,20.0,10.8,3.1
2013-02-03 13:00:00,9.9,30.3,12.7,0.0
2013-02-03 14:00:00,6.3,21.1,10.8,0.0
2013-02-03 15:00:00,2.0,2.8,37.1,0.0
2013-02-03 16:00:00,0.0,1.5,42.5,0.0
2013-02-03 17:00:00,0.0,1.3,43.4,0.0
2013-02-03 18:00:00,0.0,1.9,37.8,0.0
2013-02-03 19:00:00,0.0,1.3,29.4,0.0
2013-02-03 20:00:00,,1.1,5.9,0.0
2013-02-03 21:00:00,,3.1,0.0,0.0
2013-02-03 22:00:00,,1.7,0.0,0.0
2013-02-03 23:00:00,,0.3,0.0,0.0
2013-02-09 00:00:00,,0.4,0.0,0.0
2013-02-09 01:00:00,,0.0,1.3,
2013-02-09 02:00:00,,0.0,0.0,
2013-02-09 03:00:00,,0.0,0.0,
2013-02-09 04:00:00,,0.0,0.0,
2013-02-09 05:00:00,,1.9,0.0,
2013-02-09 06:00:00,0.3,2.3,0.0,
2013-02-09 07:00:00,4.9,33.9,7.3,0.0
2013-02-09 08:00:00,20.0,54.6,1.1,0.0
2013-02-09 09:00:00,23.3,66.5,10.9,0.0
2013-02-09 10:00:00,21.5,62.9,1.6,0.0
2013-02-09 11:00:00,11.1,55.7,18.6,0.6
2013-02-09 12:00:00,7.3,42.3,5.0,0.0
2013-02-09 13:00:00,6.7,47.6,0.0,0.0
2013-02-09 14:00:00,3.8,25.8,2.4,0.0
2013-02-09 15:00:00,5.3,6.4,12.7,0.0
2013-02-09 16:00:00,1.6,13.4,15.0,0.0
2013-02-09 17:00:00,0.0,5.2,11.2,0.0
2013-02-09 18:00:00,0.0,1.3,1.8,0.0
2013-02-09 19:00:00,0.0,3.3,23.3,0.0
2013-02-09 20:00:00,,3.1,14.7,0.0
2013-02-09 21:00:00,,2.5,0.0,0.0
2013-02-09 22:00:00,,0.7,0.0,0.0
2013-02-09 23:00:00,,3.7,0.0,0.0
2013-02-10 00:00:00,,2.6,0.0,0.0
2013-02-10 01:00:00,,1.0,4.3,
2013-02-10 02:00:00,,0.0,0.0,
2013-02-10 03:00:00,,0.0,0.0,
2013-02-10 04:00:00,,0.0,0.0,
2013-02-10 05:00:00,,0.6,0.0,
2013-02-10 06:00:00,0.0,1.6,0.0,
2013-02-10 07:00:00,3.1,29.9,0.0,0.0
2013-02-10 08:00:00,4.3,36.4,0.0,0.0
2013-02-10 09:00:00,18.7,52.3,0.0,0.0
2013-02-10 10:00:00,23.3,58.8,1.6,0.0
2013-02-10 11:00:00,7.3,60.4,0.0,0.0
2013-02-10 12:00:00,4.0,52.2,0.0,0.0
2013-02-10 13:00:00,5.3,50.9,0.0,0.0
2013-02-10 14:00:00,16.3,48.6,2.8,0.0
2013-02-10 15:00:00,10.5,33.1,0.0,0.0
2013-02-10 16:00:00,4.3,12.8,16.1,1.0
2013-02-10 17:00:00,0.3,2.3,19.8,1.8
2013-02-10 18:00:00,0.5,1.4,30.1,1.6
2013-02-10 19:00:00,0.1,3.1,50.3,2.7
2013-02-10 20:00:00,0.0,1.4,52.4,3.1
2013-02-10 21:00:00,0.0,3.6,48.4,9.9
2013-02-10 22:00:00,0.0,2.3,17.9,5.3
2013-02-10 23:00:00,0.0,0.8,0.0,0.0
2013-02-16 00:00:00,,0.4,,
2013-02-16 01:00:00,,0.2,,
2013-02-16 02:00:00,,0.1,,
2013-02-16 03:00:00,,0.0,,
2013-02-16 04:00:00,,0.0,,
2013-02-16 05:00:00,,1.0,,
2013-02-16 06:00:00,0.0,1.8,,
2013-02-16 07:00:00,5.3,8.7,,
2013-02-16 08:00:00,3.5,28.5,,
2013-02-16 09:00:00,2.6,33.0,,
2013-02-16 10:00:00,8.3,37.0,48.8,0.0
2013-02-16 11:00:00,11.2,35.6,59.0,1.8
2013-02-16 12:00:00,5.4,25.4,60.9,7.8
2013-02-16 13:00:00,6.9,24.0,57.0,0.0
2013-02-16 14:00:00,10.0,16.6,41.9,1.0
2013-02-16 15:00:00,5.7,13.4,36.2,2.7
2013-02-16 16:00:00,7.8,11.5,42.8,3.9
2013-02-16 17:00:00,1.3,3.3,47.0,0.9
2013-02-16 18:00:00,0.0,1.4,57.0,1.6
2013-02-16 19:00:00,0.0,4.5,49.7,1.2
2013-02-16 20:00:00,,4.6,37.5,5.8
2013-02-16 21:00:00,,1.9,12.3,5.1
2013-02-16 22:00:00,,0.3,0.0,0.0
2013-02-16 23:00:00,,4.2,0.0,1.5
2013-02-17 00:00:00,,4.1,0.0,0.0
2013-02-17 01:00:00,,0.7,0.0,
2013-02-17 02:00:00,,0.0,0.0,
2013-02-17 03:00:00,,0.0,0.0,
2013-02-17 04:00:00,,0.0,0.0,
2013-02-17 05:00:00,,0.5,0.0,
2013-02-17 06:00:00,0.0,0.4,0.0,
2013-02-17 07:00:00,3.3,13.9,0.0,0.0
2013-02-17 08:00:00,6.0,25.7,2.5,0.0
2013-02-17 09:00:00,7.5,27.1,7.3,0.0
2013-02-17 10:00:00,7.3,29.3,13.6,0.0
2013-02-17 11:00:00,3.9,24.6,41.5,0.3
2013-02-17 12:00:00,7.1,23.8,51.7,2.8
2013-02-17 13:00:00,11.5,30.3,64.5,0.0
2013-02-17 14:00:00,6.0,32.3,56.8,0.0
2013-02-17 15:00:00,5.5,27.6,36.6,0.8
2013-02-17 16:00:00,2.2,15.9,44.6,6.4
2013-02-17 17:00:00,2.1,15.0,46.6,3.9
2013-02-17 18:00:00,0.0,4.4,53.3,3.9
2013-02-17 19:00:00,0.2,8.5,52.3,3.8
2013-02-17 20:00:00,0.2,2.7,31.9,5.3
2013-02-17 21:00:00,0.0,0.9,5.4,0.0
2013-02-17 22:00:00,0.0,5.8,0.0,0.0
2013-02-17 23:00:00,0.0,2.5,2.5,0.0
2013-02-23 00:00:00,,0.0,1.4,0.0
2013-02-23 01:00:00,,0.0,7.8,
2013-02-23 02:00:00,,0.3,0.0,
2013-02-23 03:00:00,,0.0,0.0,
2013-02-23 04:00:00,,0.0,0.0,
2013-02-23 05:00:00,,0.2,0.0,
2013-02-23 06:00:00,0.1,0.4,8.0,
2013-02-23 07:00:00,4.2,3.3,24.2,0.0
2013-02-23 08:00:00,3.5,26.8,13.5,0.0
2013-02-23 09:00:00,6.1,35.3,4.1,0.0
2013-02-23 10:00:00,9.8,28.6,0.0,0.0
2013-02-23 11:00:00,5.1,33.6,8.8,1.4
2013-02-23 12:00:00,6.5,37.1,20.3,0.6
2013-02-23 13:00:00,17.1,35.5,15.5,0.0
2013-02-23 14:00:00,21.5,27.2,14.9,0.0
2013-02-23 15:00:00,4.4,20.3,5.3,0.3
2013-02-23 16:00:00,6.0,17.9,3.0,0.0
2013-02-23 17:00:00,3.5,19.3,9.9,0.0
2013-02-23 18:00:00,0.8,13.3,20.5,0.0
2013-02-23 19:00:00,0.0,2.8,17.5,0.0
2013-02-23 20:00:00,,1.3,12.0,0.0
2013-02-23 21:00:00,,4.0,6.6,0.0
2013-02-23 22:00:00,,0.9,2.9,0.0
2013-02-23 23:00:00,,2.3,0.0,0.0
2013-02-24 00:00:00,,0.1,2.8,0.0
2013-02-24 01:00:00,,0.0,0.0,
2013-02-24 02:00:00,,0.0,0.0,
2013-02-24 03:00:00,,0.0,0.0,
2013-02-24 04:00:00,,0.0,0.0,
2013-02-24 05:00:00,,0.3,0.0,
2013-02-24 06:00:00,,0.3,0.0,
2013-02-24 07:00:00,,8.7,0.8,0.0
2013-02-24 08:00:00,0.7,4.9,0.0,0.0
2013-02-24 09:00:00,5.1,4.4,0.0,0.0
2013-02-24 10:00:00,3.7,2.4,0.0,0.0
2013-02-24 11:00:00,8.0,6.6,4.5,0.3
2013-02-24 12:00:00,11.1,19.9,10.8,0.8
2013-02-24 13:00:00,1.9,26.6,34.8,4.8
2013-02-24 14:00:00,2.0,24.2,18.8,1.7
2013-02-24 15:00:00,0.8,21.1,25.2,0.9
2013-02-24 16:00:00,0.5,2.1,53.6,0.5
2013-02-24 17:00:00,0.0,1.0,45.3,2.1
2013-02-24 18:00:00,0.0,0.0,33.8,2.0
2013-02-24 19:00:00,0.0,0.3,22.2,1.3
2013-02-24 20:00:00,,0.5,6.8,0.0
2013-02-24 21:00:00,,2.1,0.0,0.0
2013-02-24 22:00:00,,0.4,0.0,0.0
2013-02-24 23:00:00,,0.3,0.0,0.0
2013-03-02 00:00:00,,0.3,0.0,0.0
2013-03-02 01:00:00,,0.0,0.0,
2013-03-02 02:00:00,,0.0,0.0,
2013-03-02 03:00:00,,0.0,0.0,
2013-03-02 04:00:00,,0.3,0.0,
2013-03-02 05:00:00,,2.0,0.0,
2013-03-02 06:00:00,1.3,3.7,0.0,
2013-03-02 07:00:00,4.0,19.9,0.0,0.0
2013-03-02 08:00:00,9.9,47.8,1.1,0.0
2013-03-02 09:00:00,2.2,50.9,0.0,0.0
2013-03-02 10:00:00,3.6,46.8,0.0,0.0
2013-03-02 11:00:00,4.1,37.8,10.3,1.3
2013-03-02 12:00:00,3.9,33.6,18.5,2.1
2013-03-02 13:00:00,4.3,23.3,12.3,0.0
2013-03-02 14:00:00,8.6,19.8,3.4,0.0
2013-03-02 15:00:00,7.3,10.8,10.1,0.0
2013-03-02 16:00:00,0.0,3.4,3.8,0.0
2013-03-02 17:00:00,0.0,2.4,11.0,0.8
2013-03-02 18:00:00,0.0,1.8,11.8,1.9
2013-03-02 19:00:00,0.0,1.9,14.4,4.5
2013-03-02 20:00:00,,0.3,10.0,0.7
2013-03-02 21:00:00,,0.3,0.0,0.0
2013-03-02 22:00:00,,1.2,0.0,0.0
2013-03-02 23:00:00,,1.8,0.0,0.0
2013-03-03 00:00:00,,0.1,4.3,0.0
2013-03-03 01:00:00,,0.0,0.0,
2013-03-03 02:00:00,,0.0,0.0,
2013-03-03 03:00:00,,0.0,0.0,
2013-03-03 04:00:00,,0.0,0.0,
2013-03-03 05:00:00,,0.3,0.0,
2013-03-03 06:00:00,,0.8,,
2013-03-03 07:00:00,,20.2,,
2013-03-03 08:00:00,5.4,33.9,33.0,0.0
2013-03-03 09:00:00,8.3,38.6,12.9,0.0
2013-03-03 10:00:00,7.5,32.4,0.0,0.0
2013-03-03 11:00:00,7.5,27.2,0.0,0.3
2013-03-03 12:00:00,2.6,24.7,1.3,0.3
2013-03-03 13:00:00,5.5,38.7,15.8,3.7
2013-03-03 14:00:00,2.2,34.4,17.1,0.0
2013-03-03 15:00:00,4.3,13.5,19.8,0.0
2013-03-03 16:00:00,0.3,1.8,27.5,0.8
2013-03-03 17:00:00,0.0,1.8,16.8,2.8
2013-03-03 18:00:00,0.0,0.7,17.3,1.1
2013-03-03 19:00:00,0.0,1.8,18.3,9.4
2013-03-03 20:00:00,0.0,3.3,1.5,1.1
2013-03-03 21:00:00,,1.9,0.0,0.0
2013-03-03 22:00:00,,1.0,0.0,0.0
2013-03-03 23:00:00,,0.3,0.0,0.0
2013-03-09 00:00:00,,1.1,0.0,0.0
2013-03-09 01:00:00,,0.4,2.4,
2013-03-09 02:00:00,,0.0,0.0,
2013-03-09 03:00:00,,0.0,0.0,
2013-03-09 04:00:00,,0.0,0.0,
2013-03-09 05:00:00,0.0,1.1,2.1,
2013-03-09 06:00:00,2.8,17.1,0.0,
2013-03-09 07:00:00,2.7,46.4,3.8,0.0
2013-03-09 08:00:00,3.2,62.5,7.8,0.0
2013-03-09 09:00:00,3.8,57.5,11.3,0.0
2013-03-09 10:00:00,7.8,52.9,17.3,0.8
2013-03-09 11:00:00,8.1,52.0,21.3,0.0
2013-03-09 12:00:00,2.5,38.8,26.9,0.0
2013-03-09 13:00:00,1.4,26.9,16.7,0.0
2013-03-09 14:00:00,4.4,7.8,24.1,0.0
2013-03-09 15:00:00,11.3,13.8,25.9,5.2
2013-03-09 16:00:00,1.7,19.3,34.9,6.7
2013-03-09 17:00:00,0.3,14.5,42.3,0.0
2013-03-09 18:00:00,0.3,5.7,43.4,0.0
2013-03-09 19:00:00,,1.4,36.6,3.3
2013-03-09 20:00:00,,1.6,41.1,0.0
2013-03-09 21:00:00,,1.9,32.0,0.0
2013-03-09 22:00:00,,4.2,12.4,1.3
2013-03-09 23:00:00,,2.6,0.0,0.0
2013-03-10 00:00:00,,1.5,4.9,0.0
2013-03-10 01:00:00,,0.4,0.0,
2013-03-10 02:00:00,,,,
2013-03-10 03:00:00,,0.0,0.0,
2013-03-10 04:00:00,,0.3,0.0,
2013-03-10 05:00:00,,0.3,0.0,
2013-03-10 06:00:00,,0.6,0.0,
2013-03-10 07:00:00,,15.3,0.0,0.0
2013-03-10 08:00:00,1.4,12.8,0.0,0.0
2013-03-10 09:00:00,1.8,11.4,0.0,0.0
2013-03-10 10:00:00,8.1,13.1,0.0,0.0
2013-03-10 11:00:00,10.7,11.3,2.8,0.0
2013-03-10 12:00:00,9.3,23.9,0.0,0.0
2013-03-10 13:00:00,3.1,27.1,4.8,0.0
2013-03-10 14:00:00,8.6,21.0,9.3,0.0
2013-03-10 15:00:00,8.4,15.1,16.8,0.3
2013-03-10 16:00:00,5.1,26.1,27.3,0.3
2013-03-10 17:00:00,0.8,12.8,31.2,2.3
2013-03-10 18:00:00,0.8,12.3,18.4,4.9
2013-03-10 19:00:00,0.0,1.5,13.5,3.6
2013-03-10 20:00:00,0.0,0.5,5.8,0.0
2013-03-10 21:00:00,,0.7,0.0,0.0
2013-03-10 22:00:00,,0.0,0.0,0.0
2013-03-10 23:00:00,,0.0,4.2,0.0
2013-03-16 00:00:00,,1.6,0.0,0.0
2013-03-16 01:00:00,,0.0,1.8,
2013-03-16 02:00:00,,0.0,0.0,
2013-03-16 03:00:00,,0.0,0.0,
2013-03-16 04:00:00,,0.2,0.0,
2013-03-16 05:00:00,2.0,6.2,0.0,
2013-03-16 06:00:00,1.1,4.9,1.9,
2013-03-16 07:00:00,5.2,12.0,6.8,0.0
2013-03-16 08:00:00,6.1,29.4,5.8,0.0
2013-03-16 09:00:00,8.4,33.8,0.0,0.0
2013-03-16 10:00:00,6.9,36.4,2.5,0.0
2013-03-16 11:00:00,5.0,37.8,26.2,0.0
2013-03-16 12:00:00,16.8,35.9,10.3,0.0
2013-03-16 13:00:00,19.7,35.3,5.5,0.0
2013-03-16 14:00:00,10.5,22.2,2.3,1.8
2013-03-16 15:00:00,9.9,18.0,15.7,0.7
2013-03-16 16:00:00,5.4,9.6,17.4,0.0
2013-03-16 17:00:00,0.0,3.7,19.5,1.9
2013-03-16 18:00:00,0.0,0.8,23.8,0.0
2013-03-16 19:00:00,0.0,0.3,36.1,0.0
2013-03-16 20:00:00,,0.3,31.7,0.0
2013-03-16 21:00:00,,0.8,26.6,21.2
2013-03-16 22:00:00,,1.3,5.2,3.7
2013-03-16 23:00:00,,2.2,10.1,0.0
2013-03-17 00:00:00,,1.0,9.8,0.0
2013-03-17 01:00:00,,0.0,15.3,
2013-03-17 02:00:00,,0.0,3.4,
2013-03-17 03:00:00,,0.0,0.0,
2013-03-17 04:00:00,,0.0,0.0,
2013-03-17 05:00:00,,0.9,0.0,
2013-03-17 06:00:00,,6.4,0.0,
2013-03-17 07:00:00,,32.8,0.0,0.0
2013-03-17 08:00:00,5.6,37.1,0.0,0.0
2013-03-17 09:00:00,8.5,35.1,0.0,0.0
2013-03-17 10:00:00,3.4,31.3,0.0,0.0
2013-03-17 11:00:00,4.8,33.3,3.2,0.0
2013-03-17 12:00:00,5.8,31.6,10.0,0.0
2013-03-17 13:00:00,9.9,38.6,0.0,0.0
2013-03-17 14:00:00,3.0,33.4,9.8,1.2
2013-03-17 15:00:00,5.3,29.1,8.3,0.0
2013-03-17 16:00:00,2.2,20.8,14.1,4.8
2013-03-17 17:00:00,1.8,18.6,15.7,2.6
2013-03-17 18:00:00,0.9,8.7,17.8,2.3
2013-03-17 19:00:00,0.0,1.6,19.8,4.3
2013-03-17 20:00:00,,1.4,11.0,4.0
2013-03-17 21:00:00,,1.6,0.0,0.0
2013-03-17 22:00:00,,3.9,2.3,0.0
2013-03-17 23:00:00,,2.1,3.7,0.0
2013-03-23 00:00:00,,1.1,0.0,0.0
2013-03-23 01:00:00,,0.2,39.5,
2013-03-23 02:00:00,,0.1,2.7,
2013-03-23 03:00:00,,0.2,0.0,
2013-03-23 04:00:00,,0.0,0.0,
2013-03-23 05:00:00,2.0,4.0,0.0,
2013-03-23 06:00:00,1.0,9.1,4.8,
2013-03-23 07:00:00,7.1,36.7,3.8,0.0
2013-03-23 08:00:00,3.6,53.5,3.3,0.0
2013-03-23 09:00:00,3.2,57.8,0.0,0.0
2013-03-23 10:00:00,5.8,56.1,11.8,0.0
2013-03-23 11:00:00,4.4,52.7,19.8,0.3
2013-03-23 12:00:00,5.0,36.7,21.1,0.5
2013-03-23 13:00:00,3.6,35.0,15.0,0.0
2013-03-23 14:00:00,4.1,18.0,16.6,3.7
2013-03-23 15:00:00,1.8,10.3,7.3,0.0
2013-03-23 16:00:00,0.0,19.0,20.2,0.8
2013-03-23 17:00:00,0.0,12.4,34.1,1.1
2013-03-23 18:00:00,0.0,6.2,55.6,0.9
2013-03-23 19:00:00,0.0,0.8,67.5,1.3
2013-03-23 20:00:00,,0.7,64.5,0.7
2013-03-23 21:00:00,,0.2,65.9,2.2
2013-03-23 22:00:00,,0.4,64.8,1.0
2013-03-23 23:00:00,,1.4,41.4,0.8
2013-03-24 00:00:00,,0.2,9.4,0.0
2013-03-24 01:00:00,,0.0,3.1,
2013-03-24 02:00:00,,0.3,15.0,
2013-03-24 03:00:00,,0.0,4.9,
2013-03-24 04:00:00,,0.0,0.0,
2013-03-24 05:00:00,,0.3,0.0,
2013-03-24 06:00:00,,8.1,0.0,
2013-03-24 07:00:00,,31.3,0.0,0.0
2013-03-24 08:00:00,,34.1,1.4,0.0
2013-03-24 09:00:00,10.2,40.3,4.3,0.0
2013-03-24 10:00:00,23.5,32.0,0.0,0.0
2013-03-24 11:00:00,10.2,25.5,17.9,0.0
2013-03-24 12:00:00,8.2,18.2,16.6,0.0
2013-03-24 13:00:00,21.7,25.7,29.4,0.0
2013-03-24 14:00:00,9.5,21.3,15.3,0.0
2013-03-24 15:00:00,12.7,16.2,16.6,3.1
2013-03-24 16:00:00,2.8,25.8,32.4,3.3
2013-03-24 17:00:00,1.6,25.6,35.7,3.6
2013-03-24 18:00:00,0.3,14.3,53.9,1.2
2013-03-24 19:00:00,0.3,8.2,57.8,2.6
2013-03-24 20:00:00,,1.5,53.8,2.2
2013-03-24 21:00:00,,0.8,38.5,3.0
2013-03-24 22:00:00,,0.1,9.1,2.0
2013-03-24 23:00:00,,0.8,0.0,0.0
2013-03-30 00:00:00,,0.2,14.5,0.0
2013-03-30 01:00:00,,0.0,1.5,
2013-03-30 02:00:00,,0.0,0.8,
2013-03-30 03:00:00,,0.0,0.0,
2013-03-30 04:00:00,,0.0,0.0,
2013-03-30 05:00:00,,3.5,0.0,
2013-03-30 06:00:00,0.0,1.7,0.8,
2013-03-30 07:00:00,2.6,12.4,2.1,0.0
2013-03-30 08:00:00,2.8,36.8,0.8,0.0
2013-03-30 09:00:00,5.4,38.8,7.3,0.0
2013-03-30 10:00:00,6.0,37.5,17.6,0.0
2013-03-30 11:00:00,11.8,45.4,32.1,0.8
2013-03-30 12:00:00,5.3,20.3,11.6,0.0
2013-03-30 13:00:00,1.8,13.6,10.2,1.5
2013-03-30 14:00:00,4.7,6.3,13.0,0.0
2013-03-30 15:00:00,3.1,5.5,18.4,3.3
2013-03-30 16:00:00,0.8,10.3,40.0,2.0
2013-03-30 17:00:00,0.5,13.3,46.3,1.9
2013-03-30 18:00:00,0.0,4.4,50.3,3.1
2013-03-30 19:00:00,0.0,1.6,63.3,4.4
2013-03-30 20:00:00,0.0,3.5,60.7,3.5
2013-03-30 21:00:00,0.0,3.1,64.3,6.5
2013-03-30 22:00:00,0.0,0.9,50.5,4.5
2013-03-30 23:00:00,,1.0,32.4,7.8
2013-03-31 00:00:00,,1.0,3.7,0.0
2013-03-31 01:00:00,,0.2,4.5,
2013-03-31 02:00:00,,0.0,14.5,
2013-03-31 03:00:00,,0.0,2.8,
2013-03-31 04:00:00,,0.0,0.0,
2013-03-31 05:00:00,,0.0,0.0,
2013-03-31 06:00:00,,0.7,0.0,
2013-03-31 07:00:00,,2.4,,
2013-03-31 08:00:00,,4.8,,
2013-03-31 09:00:00,,12.8,0.0,0.0
2013-03-31 10:00:00,,7.4,10.0,0.0
2013-03-31 11:00:00,,12.5,24.5,3.7
2013-03-31 12:00:00,,16.2,29.9,1.1
2013-03-31 13:00:00,,13.9,22.8,1.6
2013-03-31 14:00:00,,6.8,11.6,0.4
2013-03-31 15:00:00,,20.5,11.0,2.6
2013-03-31 16:00:00,,4.3,30.1,3.3
2013-03-31 17:00:00,,3.8,61.3,4.5
2013-03-31 18:00:00,,3.3,61.9,3.9
2013-03-31 19:00:00,,1.7,47.3,6.4
2013-03-31 20:00:00,,1.5,47.8,6.6
2013-03-31 21:00:00,,1.8,34.8,7.3
2013-03-31 22:00:00,,2.3,20.3,9.0
2013-03-31 23:00:00,,1.7,2.1,0.0
2013-04-06 00:00:00,0.0,0.9,,0.0
2013-04-06 01:00:00,,0.2,0.0,
2013-04-06 02:00:00,,0.0,0.0,
2013-04-06 03:00:00,,0.0,0.0,
2013-04-06 04:00:00,,0.0,0.0,
2013-04-06 05:00:00,,0.2,0.0,
2013-04-06 06:00:00,,4.3,0.0,
2013-04-06 07:00:00,,36.2,13.1,0.0
2013-04-06 08:00:00,9.3,34.7,5.5,0.0
2013-04-06 09:00:00,14.4,35.4,1.8,0.9
2013-04-06 10:00:00,9.1,26.0,21.8,0.0
2013-04-06 11:00:00,11.0,21.3,46.0,2.0
2013-04-06 12:00:00,6.8,18.4,45.3,2.2
2013-04-06 13:00:00,23.7,20.4,53.8,0.0
2013-04-06 14:00:00,25.7,29.3,56.5,0.0
2013-04-06 15:00:00,17.0,33.6,34.7,5.4
2013-04-06 16:00:00,1.3,19.1,25.9,1.5
2013-04-06 17:00:00,0.0,3.5,8.6,1.6
2013-04-06 18:00:00,0.0,4.0,4.2,0.3
2013-04-06 19:00:00,0.0,1.9,5.2,0.8
2013-04-06 20:00:00,0.0,1.3,12.8,0.0
2013-04-06 21:00:00,,1.5,2.8,0.0
2013-04-06 22:00:00,,1.8,5.9,0.0
2013-04-06 23:00:00,,6.4,0.0,0.0
2013-04-07 00:00:00,,6.6,0.0,0.0
2013-04-07 01:00:00,,0.4,0.0,
2013-04-07 02:00:00,,0.0,0.0,
2013-04-07 03:00:00,,0.0,0.0,
2013-04-07 04:00:00,,0.0,0.0,
2013-04-07 05:00:00,,0.0,0.0,
2013-04-07 06:00:00,,0.0,0.0,
2013-04-07 07:00:00,,13.2,0.0,0.0
2013-04-07 08:00:00,2.1,11.6,0.0,0.0
2013-04-07 09:00:00,4.0,13.0,3.8,0.0
2013-04-07 10:00:00,10.8,6.0,6.8,0.0
2013-04-07 11:00:00,14.8,17.8,21.8,0.4
2013-04-07 12:00:00,10.8,35.5,26.9,1.7
2013-04-07 13:00:00,13.9,40.4,25.3,7.4
2013-04-07 14:00:00,9.0,36.8,37.2,6.6
2013-04-07 15:00:00,8.2,30.9,33.5,1.3
2013-04-07 16:00:00,1.8,10.5,21.8,17.7
2013-04-07 17:00:00,0.0,0.9,27.5,2.2
2013-04-07 18:00:00,0.0,1.1,16.8,0.7
2013-04-07 19:00:00,0.0,0.9,13.3,0.0
2013-04-07 20:00:00,,0.5,8.9,0.0
2013-04-07 21:00:00,,5.3,0.0,0.0
2013-04-07 22:00:00,,8.9,0.0,0.0
2013-04-07 23:00:00,,0.7,0.0,0.0
2013-04-13 00:00:00,,0.8,0.0,0.0
2013-04-13 01:00:00,,0.0,0.0,
2013-04-13 02:00:00,,0.2,0.0,
2013-04-13 03:00:00,,0.0,0.0,
2013-04-13 04:00:00,,0.0,0.0,
2013-04-13 05:00:00,,0.1,0.0,
2013-04-13 06:00:00,,10.8,0.0,
2013-04-13 07:00:00,5.1,43.3,7.2,0.0
2013-04-13 08:00:00,3.1,36.2,15.4,0.0
2013-04-13 09:00:00,2.8,45.0,18.3,0.0
2013-04-13 10:00:00,3.7,44.8,3.3,0.6
2013-04-13 11:00:00,4.7,35.3,26.5,4.3
2013-04-13 12:00:00,3.0,25.3,29.8,1.4
2013-04-13 13:00:00,2.5,27.8,26.5,0.0
2013-04-13 14:00:00,9.3,14.7,8.5,0.0
2013-04-13 15:00:00,3.6,8.8,11.0,0.0
2013-04-13 16:00:00,2.6,15.1,23.6,0.0
2013-04-13 17:00:00,3.3,28.4,40.3,0.4
2013-04-13 18:00:00,2.0,29.4,35.3,3.6
2013-04-13 19:00:00,2.0,22.6,23.3,0.0
2013-04-13 20:00:00,0.0,6.3,35.3,0.0
2013-04-13 21:00:00,0.0,1.2,30.4,0.0
2013-04-13 22:00:00,,0.9,27.8,0.0
2013-04-13 23:00:00,,1.1,10.8,0.0
2013-04-14 00:00:00,,0.7,0.0,0.0
2013-04-14 01:00:00,,0.5,0.0,
2013-04-14 02:00:00,,0.6,0.0,
2013-04-14 03:00:00,,0.0,0.0,
2013-04-14 04:00:00,,0.1,0.0,
2013-04-14 05:00:00,,0.1,0.0,
2013-04-14 06:00:00,,1.0,0.0,
2013-04-14 07:00:00,1.6,21.4,0.0,0.0
2013-04-14 08:00:00,1.5,26.5,0.0,0.0
2013-04-14 09:00:00,1.5,24.5,0.0,0.0
2013-04-14 10:00:00,2.5,26.3,0.0,0.0
2013-04-14 11:00:00,3.4,25.4,0.0,1.0
2013-04-14 12:00:00,1.2,10.8,17.2,9.6
2013-04-14 13:00:00,1.7,18.8,23.0,0.0
2013-04-14 14:00:00,0.7,9.5,19.5,0.0
2013-04-14 15:00:00,3.6,6.3,28.7,0.0
2013-04-14 16:00:00,0.0,3.2,55.5,5.8
2013-04-14 17:00:00,0.0,5.1,65.1,15.7
2013-04-14 18:00:00,0.5,10.9,56.7,4.7
2013-04-14 19:00:00,0.2,7.6,59.1,5.7
2013-04-14 20:00:00,,1.1,43.8,3.5
2013-04-14 21:00:00,,1.9,17.3,6.7
2013-04-14 22:00:00,,2.5,0.0,0.0
2013-04-14 23:00:00,0.1,1.6,0.0,0.0
2013-04-20 00:00:00,,,7.8,0.0
2013-04-20 01:00:00,,,1.3,
2013-04-20 02:00:00,,,0.0,
2013-04-20 03:00:00,,,0.0,
2013-04-20 04:00:00,,,0.0,
2013-04-20 05:00:00,,,0.0,
2013-04-20 06:00:00,,,1.3,
2013-04-20 07:00:00,,,20.8,0.0
2013-04-20 08:00:00,,,29.2,0.0
2013-04-20 09:00:00,,,22.6,0.6
2013-04-20 10:00:00,,,19.4,0.4
2013-04-20 11:00:00,,,15.4,0.5
2013-04-20 12:00:00,,,27.9,4.5
2013-04-20 13:00:00,,,35.7,0.0
2013-04-20 14:00:00,,,27.4,0.0
2013-04-20 15:00:00,,,23.6,0.0
2013-04-20 16:00:00,,,37.5,1.7
2013-04-20 17:00:00,,,24.4,10.6
2013-04-20 18:00:00,,,18.1,4.6
2013-04-20 19:00:00,,,11.2,1.4
2013-04-20 20:00:00,,,11.4,4.2
2013-04-20 21:00:00,,,11.8,0.7
2013-04-20 22:00:00,,,0.0,0.0
2013-04-20 23:00:00,,,0.0,0.0
2013-04-21 00:00:00,,,9.3,0.0
2013-04-21 01:00:00,,,0.0,
2013-04-21 02:00:00,,,5.1,
2013-04-21 03:00:00,,,0.0,
2013-04-21 04:00:00,,,0.0,
2013-04-21 05:00:00,,,0.0,
2013-04-21 06:00:00,,,,
2013-04-21 07:00:00,,,,
2013-04-21 08:00:00,,,,
2013-04-21 09:00:00,,,,
2013-04-21 10:00:00,,,0.0,0.0
2013-04-21 11:00:00,,,0.0,0.9
2013-04-21 12:00:00,,,0.0,2.0
2013-04-21 13:00:00,,,7.5,0.7
2013-04-21 14:00:00,,,15.1,0.0
2013-04-21 15:00:00,,,35.6,0.0
2013-04-21 16:00:00,,,45.1,1.8
2013-04-21 17:00:00,,,22.5,6.7
2013-04-21 18:00:00,,,37.9,7.5
2013-04-21 19:00:00,,,49.6,4.5
2013-04-21 20:00:00,,,42.1,5.2
2013-04-21 21:00:00,,,25.8,2.7
2013-04-21 22:00:00,,,4.7,1.3
2013-04-21 23:00:00,,,0.0,0.0
2013-04-27 00:00:00,0.0,0.0,9.4,0.0
2013-04-27 01:00:00,0.0,0.0,0.0,
2013-04-27 02:00:00,,0.0,0.0,
2013-04-27 03:00:00,,0.0,0.0,
2013-04-27 04:00:00,,0.0,0.0,
2013-04-27 05:00:00,,2.5,0.0,
2013-04-27 06:00:00,0.0,3.6,19.1,
2013-04-27 07:00:00,4.3,12.4,10.1,0.0
2013-04-27 08:00:00,6.0,40.5,0.0,0.0
2013-04-27 09:00:00,4.3,41.2,2.3,0.0
2013-04-27 10:00:00,4.8,51.0,8.0,0.0
2013-04-27 11:00:00,5.9,45.1,14.6,1.3
2013-04-27 12:00:00,5.9,38.7,11.4,0.0
2013-04-27 13:00:00,2.0,33.4,11.8,0.0
2013-04-27 14:00:00,2.3,25.7,17.1,0.0
2013-04-27 15:00:00,6.3,10.8,17.3,0.3
2013-04-27 16:00:00,1.0,13.9,26.1,0.0
2013-04-27 17:00:00,0.1,7.3,31.9,0.0
2013-04-27 18:00:00,0.0,1.3,24.5,0.0
2013-04-27 19:00:00,0.0,0.9,28.9,0.0
2013-04-27 20:00:00,0.0,0.5,16.9,0.0
2013-04-27 21:00:00,0.0,1.9,16.8,0.0
2013-04-27 22:00:00,0.0,1.2,6.5,0.0
2013-04-27 23:00:00,,0.6,8.6,0.0
2013-04-28 00:00:00,,0.3,9.9,0.0
2013-04-28 01:00:00,,0.0,0.0,
2013-04-28 02:00:00,,0.0,0.0,
2013-04-28 03:00:00,,0.0,0.0,
2013-04-28 04:00:00,,0.0,0.0,
2013-04-28 05:00:00,,0.8,0.0,
2013-04-28 06:00:00,,0.9,,
2013-04-28 07:00:00,,21.8,,
2013-04-28 08:00:00,2.7,33.6,,
2013-04-28 09:00:00,9.4,35.8,,
2013-04-28 10:00:00,3.3,50.8,,
2013-04-28 11:00:00,6.6,41.3,,
2013-04-28 12:00:00,9.7,40.8,,
2013-04-28 13:00:00,13.4,41.1,,
2013-04-28 14:00:00,7.8,31.6,,
2013-04-28 15:00:00,5.1,15.7,,
2013-04-28 16:00:00,3.9,29.9,,
2013-04-28 17:00:00,1.8,39.4,,
2013-04-28 18:00:00,1.9,42.9,,
2013-04-28 19:00:00,1.8,30.3,,
2013-04-28 20:00:00,,29.7,,
2013-04-28 21:00:00,,17.8,,
2013-04-28 22:00:00,,9.3,,
2013-04-28 23:00:00,,0.4,,
2013-05-04 00:00:00,,0.7,3.9,0.0
2013-05-04 01:00:00,,0.0,10.3,
2013-05-04 02:00:00,,0.0,0.0,
2013-05-04 03:00:00,,0.0,0.0,
2013-05-04 04:00:00,,0.0,0.0,
2013-05-04 05:00:00,1.5,1.3,0.0,
2013-05-04 06:00:00,2.2,7.5,8.3,
2013-05-04 07:00:00,5.5,38.9,18.4,0.0
2013-05-04 08:00:00,9.7,40.2,8.8,0.0
2013-05-04 09:00:00,5.1,35.7,17.8,2.1
2013-05-04 10:00:00,8.2,37.3,59.9,0.0
2013-05-04 11:00:00,15.3,32.8,58.9,1.1
2013-05-04 12:00:00,6.2,17.3,45.0,14.0
2013-05-04 13:00:00,9.8,15.1,29.7,2.7
2013-05-04 14:00:00,9.8,8.3,26.3,0.0
2013-05-04 15:00:00,1.4,6.1,29.5,0.0
2013-05-04 16:00:00,0.8,15.0,9.0,2.8
2013-05-04 17:00:00,1.4,20.8,1.7,1.1
2013-05-04 18:00:00,1.8,14.0,9.8,0.0
2013-05-04 19:00:00,0.0,8.9,13.8,0.0
2013-05-04 20:00:00,,2.4,38.8,0.0
2013-05-04 21:00:00,,1.7,45.2,1.5
2013-05-04 22:00:00,,2.3,46.8,0.7
2013-05-04 23:00:00,,2.0,32.8,0.0
2013-05-05 00:00:00,,1.7,1.8,0.0
2013-05-05 01:00:00,,0.3,0.0,
2013-05-05 02:00:00,,0.0,10.8,
2013-05-05 03:00:00,,0.0,0.0,
2013-05-05 04:00:00,,0.0,0.0,
2013-05-05 05:00:00,,0.8,3.8,
2013-05-05 06:00:00,,10.8,0.0,
2013-05-05 07:00:00,4.6,31.8,2.7,0.0
2013-05-05 08:00:00,2.7,34.3,0.0,0.0
2013-05-05 09:00:00,14.9,37.8,0.0,0.0
2013-05-05 10:00:00,9.0,30.1,8.9,0.9
2013-05-05 11:00:00,19.6,22.4,23.8,0.9
2013-05-05 12:00:00,6.5,15.1,21.5,0.6
2013-05-05 13:00:00,1.6,9.0,16.0,1.0
2013-05-05 14:00:00,10.8,21.8,15.3,0.0
2013-05-05 15:00:00,1.5,29.8,16.3,0.0
2013-05-05 16:00:00,3.0,18.7,19.4,4.5
2013-05-05 17:00:00,2.0,19.9,16.7,0.0
2013-05-05 18:00:00,,10.6,19.6,0.0
2013-05-05 19:00:00,,4.7,21.9,0.0
2013-05-05 20:00:00,,5.6,15.3,0.0
2013-05-05 21:00:00,3.7,16.5,0.9,0.0
2013-05-05 22:00:00,3.6,27.4,0.0,0.0
2013-05-05 23:00:00,0.0,3.9,0.0,0.0
2013-05-11 00:00:00,,0.8,5.3,0.0
2013-05-11 01:00:00,,0.4,0.0,
2013-05-11 02:00:00,,0.0,0.0,
2013-05-11 03:00:00,,0.0,0.0,
2013-05-11 04:00:00,,0.0,0.0,
2013-05-11 05:00:00,9.0,1.3,0.0,
2013-05-11 06:00:00,0.8,3.4,0.0,
2013-05-11 07:00:00,7.8,33.2,13.6,0.0
2013-05-11 08:00:00,4.6,32.3,23.7,0.0
2013-05-11 09:00:00,4.8,45.9,4.6,1.1
2013-05-11 10:00:00,6.0,34.5,10.2,0.4
2013-05-11 11:00:00,4.3,31.1,3.8,4.2
2013-05-11 12:00:00,5.3,13.3,14.1,1.8
2013-05-11 13:00:00,4.2,7.2,16.8,0.0
2013-05-11 14:00:00,10.1,9.5,11.3,0.0
2013-05-11 15:00:00,2.3,9.9,4.3,0.6
2013-05-11 16:00:00,7.3,22.4,16.6,0.0
2013-05-11 17:00:00,3.7,21.4,30.5,1.8
2013-05-11 18:00:00,0.0,4.8,29.8,3.9
2013-05-11 19:00:00,0.0,14.4,26.6,4.8
2013-05-11 20:00:00,,25.6,27.3,5.3
2013-05-11 21:00:00,,12.8,11.7,4.6
2013-05-11 22:00:00,,1.8,5.2,5.7
2013-05-11 23:00:00,,3.4,0.0,0.7
2013-05-12 00:00:00,,4.9,4.0,0.0
2013-05-12 01:00:00,,0.3,0.7,
2013-05-12 02:00:00,,0.0,0.0,
2013-05-12 03:00:00,,0.0,0.0,
2013-05-12 04:00:00,,0.0,0.0,
2013-05-12 05:00:00,,0.1,0.0,
2013-05-12 06:00:00,,,0.0,
2013-05-12 07:00:00,2.4,35.8,0.0,0.0
2013-05-12 08:00:00,1.8,29.3,4.5,0.0
2013-05-12 09:00:00,2.5,16.7,0.0,0.0
2013-05-12 10:00:00,1.8,13.4,3.3,0.0
2013-05-12 11:00:00,2.8,22.5,10.0,1.8
2013-05-12 12:00:00,2.4,28.5,10.7,0.7
2013-05-12 13:00:00,4.3,30.4,14.8,0.0
2013-05-12 14:00:00,8.7,26.4,20.4,0.4
2013-05-12 15:00:00,6.6,25.8,12.3,12.5
2013-05-12 16:00:00,2.8,19.4,29.4,4.8
2013-05-12 17:00:00,2.3,24.4,29.5,2.1
2013-05-12 18:00:00,0.2,7.6,30.5,5.6
2013-05-12 19:00:00,,1.8,29.2,3.7
2013-05-12 20:00:00,,12.5,19.3,6.6
2013-05-12 21:00:00,,16.3,8.4,10.6
2013-05-12 22:00:00,,4.7,0.0,0.0
2013-05-12 23:00:00,,5.2,2.5,0.0
2013-05-18 00:00:00,,2.7,0.0,0.0
2013-05-18 01:00:00,,0.8,0.0,
2013-05-18 02:00:00,,0.0,0.0,
2013-05-18 03:00:00,,0.0,0.0,
2013-05-18 04:00:00,,0.8,0.0,
2013-05-18 05:00:00,5.0,20.0,0.0,
2013-05-18 06:00:00,5.4,36.0,1.0,
2013-05-18 07:00:00,7.0,55.6,1.3,0.0
2013-05-18 08:00:00,25.2,60.6,0.0,0.0
2013-05-18 09:00:00,15.8,68.6,2.9,0.0
2013-05-18 10:00:00,21.4,68.3,1.0,0.0
2013-05-18 11:00:00,11.0,69.3,0.0,0.0
2013-05-18 12:00:00,3.8,57.4,0.0,0.0
2013-05-18 13:00:00,5.1,39.3,0.0,0.0
2013-05-18 14:00:00,4.6,31.3,0.0,0.0
2013-05-18 15:00:00,3.6,22.1,0.0,0.0
2013-05-18 16:00:00,6.0,22.8,0.0,0.0
2013-05-18 17:00:00,2.6,6.7,2.3,0.0
2013-05-18 18:00:00,5.8,8.6,13.8,0.0
2013-05-18 19:00:00,2.6,5.8,25.5,2.2
2013-05-18 20:00:00,,2.5,27.8,3.8
2013-05-18 21:00:00,,0.3,30.0,2.1
2013-05-18 22:00:00,,1.9,30.3,5.7
2013-05-18 23:00:00,,2.8,14.3,3.8
2013-05-19 00:00:00,,1.1,11.0,0.0
2013-05-19 01:00:00,,0.2,10.2,
2013-05-19 02:00:00,,0.3,7.9,
2013-05-19 03:00:00,,0.8,1.5,
2013-05-19 04:00:00,,0.0,0.0,
2013-05-19 05:00:00,,0.3,0.0,
2013-05-19 06:00:00,0.2,2.0,5.4,
2013-05-19 07:00:00,6.4,38.6,2.1,0.0
2013-05-19 08:00:00,5.1,48.1,2.6,0.0
2013-05-19 09:00:00,3.2,62.3,0.0,0.0
2013-05-19 10:00:00,3.3,63.8,5.7,0.0
2013-05-19 11:00:00,4.7,63.2,1.5,0.0
2013-05-19 12:00:00,4.8,62.8,0.0,0.0
2013-05-19 13:00:00,3.3,54.8,0.0,0.0
2013-05-19 14:00:00,4.4,41.7,0.0,0.0
2013-05-19 15:00:00,3.0,32.6,0.0,2.7
2013-05-19 16:00:00,7.2,12.4,5.6,0.0
2013-05-19 17:00:00,0.0,4.3,18.5,1.1
2013-05-19 18:00:00,0.1,4.0,19.0,2.6
2013-05-19 19:00:00,0.0,10.7,51.8,4.5
2013-05-19 20:00:00,0.0,1.8,76.2,3.9
2013-05-19 21:00:00,0.0,3.1,87.6,5.7
2013-05-19 22:00:00,0.0,4.2,73.5,6.5
2013-05-19 23:00:00,0.0,1.9,49.8,11.5
2013-05-25 00:00:00,,25.3,9.1,0.0
2013-05-25 01:00:00,,18.9,0.0,
2013-05-25 02:00:00,,3.5,0.0,
2013-05-25 03:00:00,,0.1,0.0,
2013-05-25 04:00:00,,0.0,0.0,
2013-05-25 05:00:00,12.5,3.7,0.0,
2013-05-25 06:00:00,0.8,1.0,5.3,
2013-05-25 07:00:00,0.3,0.1,15.7,0.0
2013-05-25 08:00:00,1.5,3.3,33.8,0.0
2013-05-25 09:00:00,3.3,6.0,47.1,0.0
2013-05-25 10:00:00,9.0,9.0,61.8,0.3
2013-05-25 11:00:00,1.3,16.1,72.3,0.6
2013-05-25 12:00:00,1.9,9.8,50.5,2.6
2013-05-25 13:00:00,2.5,4.7,31.5,1.9
2013-05-25 14:00:00,8.5,8.6,14.4,4.5
2013-05-25 15:00:00,2.0,5.1,23.3,3.2
2013-05-25 16:00:00,0.0,1.8,16.5,2.3
2013-05-25 17:00:00,0.0,0.9,11.8,2.5
2013-05-25 18:00:00,0.4,2.0,5.3,0.0
2013-05-25 19:00:00,0.0,1.9,6.2,0.0
2013-05-25 20:00:00,,11.3,4.4,0.0
2013-05-25 21:00:00,,18.3,0.0,0.0
2013-05-25 22:00:00,,18.4,0.0,0.0
2013-05-25 23:00:00,,21.8,0.0,0.0
2013-05-26 00:00:00,,4.6,18.5,0.0
2013-05-26 01:00:00,,2.3,11.0,
2013-05-26 02:00:00,,0.6,0.0,
2013-05-26 03:00:00,,0.1,0.0,
2013-05-26 04:00:00,,0.0,0.0,
2013-05-26 05:00:00,,0.4,0.0,
2013-05-26 06:00:00,0.0,1.4,0.0,
2013-05-26 07:00:00,0.2,1.9,0.0,0.0
2013-05-26 08:00:00,0.3,0.8,0.0,0.0
2013-05-26 09:00:00,4.2,6.0,5.3,0.0
2013-05-26 10:00:00,4.3,8.1,29.1,0.0
2013-05-26 11:00:00,4.6,11.8,26.7,0.3
2013-05-26 12:00:00,5.3,16.8,37.8,0.0
2013-05-26 13:00:00,8.6,26.5,4.8,0.0
2013-05-26 14:00:00,8.4,27.3,1.3,0.0
2013-05-26 15:00:00,3.7,20.9,7.7,0.0
2013-05-26 16:00:00,1.8,22.1,32.4,0.3
2013-05-26 17:00:00,2.5,27.2,24.8,0.3
2013-05-26 18:00:00,2.4,25.0,28.9,0.0
2013-05-26 19:00:00,1.5,15.3,31.8,0.0
2013-05-26 20:00:00,,12.8,24.0,1.9
2013-05-26 21:00:00,,7.9,0.0,0.0
2013-05-26 22:00:00,,15.9,0.0,0.0
2013-05-26 23:00:00,,5.8,0.0,0.0
2013-06-01 00:00:00,,2.3,8.5,0.0
2013-06-01 01:00:00,,0.5,0.0,
2013-06-01 02:00:00,,0.0,5.0,
2013-06-01 03:00:00,,0.0,0.0,
2013-06-01 04:00:00,,1.3,0.0,
2013-06-01 05:00:00,,0.3,0.0,
2013-06-01 06:00:00,0.2,1.8,0.7,
2013-06-01 07:00:00,4.6,24.8,10.4,0.0
2013-06-01 08:00:00,3.5,37.0,0.0,0.0
2013-06-01 09:00:00,2.2,41.3,0.0,0.0
2013-06-01 10:00:00,14.6,38.3,9.3,0.0
2013-06-01 11:00:00,6.2,48.7,40.8,3.9
2013-06-01 12:00:00,5.6,36.4,16.8,0.0
2013-06-01 13:00:00,5.7,30.3,6.6,0.4
2013-06-01 14:00:00,2.1,24.0,16.6,0.5
2013-06-01 15:00:00,8.4,23.0,14.3,0.0
2013-06-01 16:00:00,1.7,4.0,13.8,3.8
2013-06-01 17:00:00,1.8,10.9,18.8,1.8
2013-06-01 18:00:00,2.1,10.8,15.2,0.0
2013-06-01 19:00:00,0.1,5.2,15.1,4.1
2013-06-01 20:00:00,0.3,9.7,13.2,0.0
2013-06-01 21:00:00,0.0,2.0,21.1,0.3
2013-06-01 22:00:00,0.0,1.1,17.1,0.0
2013-06-01 23:00:00,0.0,3.8,22.0,0.0
2013-06-02 00:00:00,0.0,3.2,25.1,0.0
2013-06-02 01:00:00,0.0,3.2,5.7,
2013-06-02 02:00:00,,0.0,0.0,
2013-06-02 03:00:00,,0.4,0.0,
2013-06-02 04:00:00,,0.0,0.0,
2013-06-02 05:00:00,,0.8,0.0,
2013-06-02 06:00:00,,10.5,0.0,
2013-06-02 07:00:00,,27.6,0.0,0.0
2013-06-02 08:00:00,1.3,22.3,0.9,0.0
2013-06-02 09:00:00,0.3,3.8,0.0,0.0
2013-06-02 10:00:00,0.2,1.7,0.0,0.0
2013-06-02 11:00:00,0.5,2.1,8.3,0.8
2013-06-02 12:00:00,0.2,4.3,12.2,3.2
2013-06-02 13:00:00,0.1,3.6,14.1,2.0
2013-06-02 14:00:00,0.0,2.1,29.8,0.7
2013-06-02 15:00:00,2.7,6.3,31.3,0.0
2013-06-02 16:00:00,0.0,6.0,29.9,0.0
2013-06-02 17:00:00,1.3,8.9,51.3,1.8
2013-06-02 18:00:00,0.0,2.3,33.8,1.9
2013-06-02 19:00:00,0.0,4.2,23.3,1.4
2013-06-02 20:00:00,,15.9,7.0,0.4
2013-06-02 21:00:00,,23.0,11.1,0.0
2013-06-02 22:00:00,7.3,20.8,6.1,0.0
2013-06-02 23:00:00,1.3,14.3,0.0,0.0
2013-06-08 00:00:00,,0.0,5.2,0.0
2013-06-08 01:00:00,,0.0,1.1,
2013-06-08 02:00:00,,0.0,0.0,
2013-06-08 03:00:00,,0.0,0.0,
2013-06-08 04:00:00,,0.0,0.0,
2013-06-08 05:00:00,,0.6,0.0,
2013-06-08 06:00:00,1.1,5.2,4.4,
2013-06-08 07:00:00,5.7,35.6,3.6,0.6
2013-06-08 08:00:00,14.9,63.8,0.0,0.0
2013-06-08 09:00:00,6.8,60.3,10.1,0.0
2013-06-08 10:00:00,5.4,63.3,9.8,0.9
2013-06-08 11:00:00,5.4,54.6,19.2,4.4
2013-06-08 12:00:00,4.8,34.2,14.8,3.9
2013-06-08 13:00:00,4.7,27.5,0.0,0.0
2013-06-08 14:00:00,10.1,15.3,0.0,1.3
2013-06-08 15:00:00,3.1,8.0,0.0,0.0
2013-06-08 16:00:00,0.8,9.0,2.8,5.3
2013-06-08 17:00:00,1.1,5.4,23.3,2.1
2013-06-08 18:00:00,0.0,4.8,20.0,4.8
2013-06-08 19:00:00,0.0,3.3,17.5,1.3
2013-06-08 20:00:00,,9.9,32.7,0.9
2013-06-08 21:00:00,,6.2,44.8,1.9
2013-06-08 22:00:00,,1.6,35.8,0.0
2013-06-08 23:00:00,,0.7,15.0,0.0
2013-06-09 00:00:00,,0.7,8.7,0.0
2013-06-09 01:00:00,,0.1,1.3,
2013-06-09 02:00:00,,0.0,0.0,
2013-06-09 03:00:00,,0.0,0.0,
2013-06-09 04:00:00,,0.0,0.0,
2013-06-09 05:00:00,,0.2,0.0,
2013-06-09 06:00:00,,6.5,4.2,
2013-06-09 07:00:00,2.4,25.3,0.0,0.0
2013-06-09 08:00:00,5.8,12.8,0.0,0.0
2013-06-09 09:00:00,5.5,11.8,0.0,0.0
2013-06-09 10:00:00,2.2,2.3,4.8,0.0
2013-06-09 11:00:00,1.6,11.8,15.8,0.8
2013-06-09 12:00:00,2.7,20.0,10.6,1.4
2013-06-09 13:00:00,7.5,13.3,12.7,2.8
2013-06-09 14:00:00,5.4,13.3,7.9,4.6
2013-06-09 15:00:00,1.9,3.3,22.8,1.4
2013-06-09 16:00:00,0.0,1.8,33.8,1.8
2013-06-09 17:00:00,0.0,1.6,46.6,6.3
2013-06-09 18:00:00,0.0,2.0,42.3,7.4
2013-06-09 19:00:00,0.0,4.0,47.7,12.3
2013-06-09 20:00:00,,3.5,35.6,4.3
2013-06-09 21:00:00,,2.0,24.0,4.2
2013-06-09 22:00:00,,2.0,4.8,1.8
2013-06-09 23:00:00,,6.3,1.6,0.0
2013-06-15 00:00:00,0.0,2.3,15.4,0.0
2013-06-15 01:00:00,0.0,0.3,6.8,
2013-06-15 02:00:00,,0.0,0.0,
2013-06-15 03:00:00,,0.0,0.0,
2013-06-15 04:00:00,,0.0,0.0,
2013-06-15 05:00:00,2.0,1.0,0.0,
2013-06-15 06:00:00,0.9,9.9,6.6,
2013-06-15 07:00:00,9.6,48.3,24.6,0.0
2013-06-15 08:00:00,4.1,45.0,24.4,0.0
2013-06-15 09:00:00,12.8,55.3,11.9,0.0
2013-06-15 10:00:00,10.4,40.9,13.7,10.8
2013-06-15 11:00:00,10.3,38.3,18.4,5.8
2013-06-15 12:00:00,4.9,28.0,16.3,0.0
2013-06-15 13:00:00,14.4,17.8,10.7,2.7
2013-06-15 14:00:00,0.7,2.9,15.2,0.0
2013-06-15 15:00:00,5.8,6.7,12.1,4.7
2013-06-15 16:00:00,0.8,2.8,11.8,6.3
2013-06-15 17:00:00,0.0,0.8,18.3,0.0
2013-06-15 18:00:00,0.0,1.7,27.3,0.0
2013-06-15 19:00:00,0.0,1.8,26.1,0.0
2013-06-15 20:00:00,,1.7,15.3,0.0
2013-06-15 21:00:00,,2.2,13.8,0.0
2013-06-15 22:00:00,,0.8,14.4,0.4
2013-06-15 23:00:00,,5.3,2.9,0.0
2013-06-16 00:00:00,,1.6,5.7,0.0
2013-06-16 01:00:00,,0.3,11.4,
2013-06-16 02:00:00,,0.2,2.3,
2013-06-16 03:00:00,,0.0,3.2,
2013-06-16 04:00:00,,0.5,0.0,
2013-06-16 05:00:00,,0.7,0.0,
2013-06-16 06:00:00,,4.4,4.1,
2013-06-16 07:00:00,,10.3,1.6,0.0
2013-06-16 08:00:00,6.7,18.6,0.0,0.0
2013-06-16 09:00:00,7.2,18.6,6.8,0.0
2013-06-16 10:00:00,10.1,24.0,26.5,0.0
2013-06-16 11:00:00,7.5,17.3,31.1,1.7
2013-06-16 12:00:00,5.1,8.1,36.9,2.3
2013-06-16 13:00:00,5.2,5.2,26.4,0.0
2013-06-16 14:00:00,1.8,1.8,35.1,9.2
2013-06-16 15:00:00,0.0,4.2,40.6,7.4
2013-06-16 16:00:00,0.0,3.9,51.1,2.0
2013-06-16 17:00:00,0.0,1.3,61.8,4.8
2013-06-16 18:00:00,0.0,1.8,63.4,3.2
2013-06-16 19:00:00,,4.3,48.3,4.0
2013-06-16 20:00:00,0.0,1.8,39.0,3.7
2013-06-16 21:00:00,0.1,5.9,,5.3
2013-06-16 22:00:00,0.0,4.8,5.4,3.2
2013-06-16 23:00:00,0.0,2.0,1.3,0.0
2013-06-22 00:00:00,,15.7,7.2,0.0
2013-06-22 01:00:00,,6.0,22.2,
2013-06-22 02:00:00,,0.0,12.4,
2013-06-22 03:00:00,,0.0,0.0,
2013-06-22 04:00:00,,0.0,0.0,
2013-06-22 05:00:00,,1.7,0.0,
2013-06-22 06:00:00,0.3,0.9,0.0,
2013-06-22 07:00:00,2.9,16.5,9.3,0.0
2013-06-22 08:00:00,3.5,32.7,21.2,0.0
2013-06-22 09:00:00,4.3,47.5,26.3,0.0
2013-06-22 10:00:00,6.5,47.3,31.3,2.2
2013-06-22 11:00:00,13.3,46.6,35.1,2.9
2013-06-22 12:00:00,8.3,47.9,27.4,0.9
2013-06-22 13:00:00,5.5,29.8,20.7,1.3
2013-06-22 14:00:00,3.1,10.6,16.5,1.3
2013-06-22 15:00:00,1.7,5.9,15.0,0.4
2013-06-22 16:00:00,2.4,5.2,16.5,0.7
2013-06-22 17:00:00,0.0,2.1,32.3,0.0
2013-06-22 18:00:00,1.3,10.3,38.6,0.0
2013-06-22 19:00:00,0.0,3.5,43.3,0.0
2013-06-22 20:00:00,,3.7,41.6,2.7
2013-06-22 21:00:00,,7.3,29.3,3.8
2013-06-22 22:00:00,,9.8,13.3,4.1
2013-06-22 23:00:00,,9.3,11.4,0.0
2013-06-23 00:00:00,,2.3,10.3,0.0
2013-06-23 01:00:00,,0.8,3.2,
2013-06-23 02:00:00,,0.0,0.0,
2013-06-23 03:00:00,,0.0,0.0,
2013-06-23 04:00:00,,0.0,0.0,
2013-06-23 05:00:00,,0.5,0.0,
2013-06-23 06:00:00,0.1,1.9,1.6,
2013-06-23 07:00:00,1.2,8.1,4.7,0.0
2013-06-23 08:00:00,8.4,15.3,5.8,0.0
2013-06-23 09:00:00,5.9,20.0,16.8,0.0
2013-06-23 10:00:00,3.9,23.8,29.1,0.0
2013-06-23 11:00:00,17.8,32.5,54.2,2.0
2013-06-23 12:00:00,5.7,27.4,47.2,4.9
2013-06-23 13:00:00,9.1,33.2,41.9,7.3
2013-06-23 14:00:00,2.3,24.8,43.8,7.7
2013-06-23 15:00:00,4.4,13.7,35.0,6.8
2013-06-23 16:00:00,1.8,5.1,38.5,14.9
2013-06-23 17:00:00,1.4,10.3,54.7,5.9
2013-06-23 18:00:00,1.8,12.9,49.3,4.1
2013-06-23 19:00:00,0.3,10.8,39.8,4.6
2013-06-23 20:00:00,0.3,6.0,34.8,4.2
2013-06-23 21:00:00,0.1,8.2,19.8,4.9
2013-06-23 22:00:00,0.3,8.9,7.0,0.0
2013-06-23 23:00:00,0.0,3.2,6.4,0.0
2013-06-29 00:00:00,,0.4,10.3,0.0
2013-06-29 01:00:00,,0.4,3.6,
2013-06-29 02:00:00,,0.1,0.0,
2013-06-29 03:00:00,,0.0,0.0,
2013-06-29 04:00:00,,2.5,0.0,
2013-06-29 05:00:00,12.3,12.6,0.0,
2013-06-29 06:00:00,7.5,29.9,0.0,
2013-06-29 07:00:00,9.1,49.5,5.3,0.0
2013-06-29 08:00:00,20.9,60.8,10.0,0.0
2013-06-29 09:00:00,21.1,65.8,18.9,0.0
2013-06-29 10:00:00,13.0,59.9,26.8,0.0
2013-06-29 11:00:00,14.6,49.4,32.8,0.0
2013-06-29 12:00:00,15.7,40.7,30.3,0.0
2013-06-29 13:00:00,2.4,13.8,21.6,0.0
2013-06-29 14:00:00,0.4,2.4,16.2,0.0
2013-06-29 15:00:00,0.2,1.3,12.8,1.2
2013-06-29 16:00:00,0.0,0.3,18.6,0.0
2013-06-29 17:00:00,0.0,0.1,32.4,0.5
2013-06-29 18:00:00,0.0,0.1,15.8,4.0
2013-06-29 19:00:00,0.0,1.0,13.8,0.0
2013-06-29 20:00:00,0.0,3.3,2.4,0.0
2013-06-29 21:00:00,0.0,6.6,7.3,0.9
2013-06-29 22:00:00,,14.5,6.7,2.0
2013-06-29 23:00:00,,3.1,0.0,0.0
2013-06-30 00:00:00,,3.8,0.0,0.0
2013-06-30 01:00:00,,2.2,2.3,
2013-06-30 02:00:00,,0.0,24.3,
2013-06-30 03:00:00,,0.0,7.0,
2013-06-30 04:00:00,,0.1,0.0,
2013-06-30 05:00:00,2.0,1.5,0.0,
2013-06-30 06:00:00,0.2,2.8,0.0,
2013-06-30 07:00:00,5.3,20.5,0.0,0.0
2013-06-30 08:00:00,2.0,32.3,2.3,0.0
2013-06-30 09:00:00,3.3,39.4,25.1,0.0
2013-06-30 10:00:00,4.4,47.3,4.8,1.1
2013-06-30 11:00:00,3.0,40.5,7.3,0.5
2013-06-30 12:00:00,3.8,31.8,13.8,0.0
2013-06-30 13:00:00,3.7,26.8,8.3,0.0
2013-06-30 14:00:00,3.3,18.5,5.8,0.3
2013-06-30 15:00:00,1.3,10.4,11.3,0.4
2013-06-30 16:00:00,1.3,4.3,14.5,9.6
2013-06-30 17:00:00,0.0,1.2,33.8,5.3
2013-06-30 18:00:00,0.0,1.6,45.3,3.5
2013-06-30 19:00:00,0.0,1.5,48.8,5.2
2013-06-30 20:00:00,0.0,2.0,48.1,2.7
2013-06-30 21:00:00,0.0,4.7,42.1,5.4
2013-06-30 22:00:00,,1.1,43.8,7.5
2013-06-30 23:00:00,,0.8,18.7,1.9
2013-07-06 00:00:00,0.3,5.5,,
2013-07-06 01:00:00,0.0,1.3,,
2013-07-06 02:00:00,,0.8,,
2013-07-06 03:00:00,,0.0,,
2013-07-06 04:00:00,,0.1,,
2013-07-06 05:00:00,2.0,2.1,,
2013-07-06 06:00:00,0.5,4.2,,
2013-07-06 07:00:00,0.9,4.6,,
2013-07-06 08:00:00,5.1,25.0,,
2013-07-06 09:00:00,3.9,35.8,,
2013-07-06 10:00:00,6.3,37.9,26.9,1.3
2013-07-06 11:00:00,17.8,51.2,55.7,0.0
2013-07-06 12:00:00,5.8,40.0,61.1,7.2
2013-07-06 13:00:00,4.9,38.3,47.3,8.2
2013-07-06 14:00:00,5.8,34.3,36.8,1.0
2013-07-06 15:00:00,3.2,32.8,31.3,0.0
2013-07-06 16:00:00,7.0,23.8,34.2,2.9
2013-07-06 17:00:00,3.3,6.7,39.2,0.3
2013-07-06 18:00:00,0.4,2.9,36.0,2.8
2013-07-06 19:00:00,0.3,4.4,29.5,4.1
2013-07-06 20:00:00,0.8,10.5,14.5,2.8
2013-07-06 21:00:00,1.3,15.9,14.6,2.5
2013-07-06 22:00:00,1.4,23.3,22.7,0.8
2013-07-06 23:00:00,,36.8,7.0,0.0
2013-07-07 00:00:00,,10.2,8.4,0.0
2013-07-07 01:00:00,,0.6,0.0,
2013-07-07 02:00:00,,0.4,6.3,
2013-07-07 03:00:00,,0.4,0.0,
2013-07-07 04:00:00,,0.0,0.0,
2013-07-07 05:00:00,2.0,0.4,0.0,
2013-07-07 06:00:00,0.3,1.6,1.9,
2013-07-07 07:00:00,0.2,1.3,18.9,0.0
2013-07-07 08:00:00,0.8,13.3,7.0,0.0
2013-07-07 09:00:00,4.8,27.8,1.7,0.0
2013-07-07 10:00:00,3.6,36.8,6.4,0.0
2013-07-07 11:00:00,6.9,40.3,34.3,0.8
2013-07-07 12:00:00,9.6,55.3,21.9,3.3
2013-07-07 13:00:00,5.3,60.7,13.6,0.0
2013-07-07 14:00:00,3.4,63.7,2.1,2.2
2013-07-07 15:00:00,7.4,60.3,11.3,2.7
2013-07-07 16:00:00,4.1,33.7,11.5,1.7
2013-07-07 17:00:00,4.0,11.7,26.6,15.4
2013-07-07 18:00:00,0.1,1.3,22.3,1.8
2013-07-07 19:00:00,0.1,8.1,21.6,2.3
2013-07-07 20:00:00,0.0,5.2,12.9,2.5
2013-07-07 21:00:00,0.1,6.2,13.5,1.7
2013-07-07 22:00:00,0.0,2.0,16.1,3.9
2013-07-07 23:00:00,0.0,2.9,3.8,0.0
2013-07-13 00:00:00,0.0,5.0,0.0,0.0
2013-07-13 01:00:00,,0.3,0.0,
2013-07-13 02:00:00,,0.0,0.0,
2013-07-13 03:00:00,,0.0,0.0,
2013-07-13 04:00:00,,0.0,0.0,
2013-07-13 05:00:00,,0.4,0.0,
2013-07-13 06:00:00,0.3,3.1,0.0,
2013-07-13 07:00:00,5.2,24.5,0.0,0.0
2013-07-13 08:00:00,6.0,45.3,25.0,0.0
2013-07-13 09:00:00,5.0,61.5,32.5,0.0
2013-07-13 10:00:00,8.8,62.1,65.4,0.0
2013-07-13 11:00:00,8.8,53.1,82.3,0.3
2013-07-13 12:00:00,8.9,46.8,41.5,2.0
2013-07-13 13:00:00,4.5,39.3,14.8,6.9
2013-07-13 14:00:00,1.5,19.3,17.9,6.8
2013-07-13 15:00:00,9.2,11.7,13.8,8.4
2013-07-13 16:00:00,5.2,12.3,14.1,3.7
2013-07-13 17:00:00,3.0,8.9,13.8,4.0
2013-07-13 18:00:00,0.2,8.3,18.4,2.4
2013-07-13 19:00:00,0.0,1.2,20.2,2.2
2013-07-13 20:00:00,0.3,3.6,16.4,5.5
2013-07-13 21:00:00,0.0,4.8,19.5,5.5
2013-07-13 22:00:00,0.0,3.0,,
2013-07-13 23:00:00,0.0,2.6,,
2013-07-14 00:00:00,0.1,3.4,,
2013-07-14 01:00:00,0.0,0.6,,
2013-07-14 02:00:00,,0.1,,
2013-07-14 03:00:00,,0.0,,
2013-07-14 04:00:00,,0.0,,
2013-07-14 05:00:00,,0.3,,
2013-07-14 06:00:00,0.0,1.6,,
2013-07-14 07:00:00,2.1,22.3,,
2013-07-14 08:00:00,4.3,34.7,,
2013-07-14 09:00:00,8.7,29.1,1.5,0.0
2013-07-14 10:00:00,14.5,28.0,16.3,0.4
2013-07-14 11:00:00,2.1,28.2,29.1,1.3
2013-07-14 12:00:00,3.4,15.0,28.0,1.7
2013-07-14 13:00:00,3.4,23.6,0.0,0.0
2013-07-14 14:00:00,2.8,24.6,3.5,0.0
2013-07-14 15:00:00,7.0,21.5,10.8,11.1
2013-07-14 16:00:00,2.2,20.3,20.3,12.0
2013-07-14 17:00:00,0.1,7.8,35.4,3.8
2013-07-14 18:00:00,0.0,2.1,59.2,13.0
2013-07-14 19:00:00,0.0,4.9,47.8,19.1
2013-07-14 20:00:00,,10.1,49.7,9.3
2013-07-14 21:00:00,,9.8,40.2,4.9
2013-07-14 22:00:00,,10.6,19.6,4.9
2013-07-14 23:00:00,,1.8,2.8,0.0
2013-07-20 00:00:00,1.4,3.6,1.6,0.0
2013-07-20 01:00:00,0.0,1.8,0.0,
2013-07-20 02:00:00,0.0,0.0,0.8,
2013-07-20 03:00:00,0.0,0.0,2.0,
2013-07-20 04:00:00,0.0,0.1,0.0,
2013-07-20 05:00:00,0.5,1.8,0.0,
2013-07-20 06:00:00,0.3,2.3,0.0,
2013-07-20 07:00:00,6.0,13.7,0.0,0.0
2013-07-20 08:00:00,11.7,44.4,1.7,0.0
2013-07-20 09:00:00,5.6,64.1,18.9,0.0
2013-07-20 10:00:00,11.3,66.3,30.0,0.0
2013-07-20 11:00:00,19.3,65.2,52.1,0.0
2013-07-20 12:00:00,4.8,61.5,19.3,6.0
2013-07-20 13:00:00,3.8,48.8,13.7,2.4
2013-07-20 14:00:00,4.8,38.6,18.7,8.4
2013-07-20 15:00:00,5.5,29.0,25.6,4.2
2013-07-20 16:00:00,1.0,2.0,17.7,4.5
2013-07-20 17:00:00,1.0,2.5,18.6,6.5
2013-07-20 18:00:00,0.0,3.5,26.9,3.0
2013-07-20 19:00:00,0.0,0.5,28.3,5.2
2013-07-20 20:00:00,0.0,2.0,34.2,1.9
2013-07-20 21:00:00,0.0,3.0,36.0,3.2
2013-07-20 22:00:00,0.0,1.6,36.0,5.3
2013-07-20 23:00:00,,4.0,18.8,4.9
2013-07-21 00:00:00,,5.8,7.4,0.0
2013-07-21 01:00:00,,0.8,7.7,
2013-07-21 02:00:00,,0.8,0.0,
2013-07-21 03:00:00,,0.1,0.0,
2013-07-21 04:00:00,,0.1,0.0,
2013-07-21 05:00:00,,0.6,0.0,
2013-07-21 06:00:00,0.0,3.3,0.0,
2013-07-21 07:00:00,4.2,22.8,4.5,0.0
2013-07-21 08:00:00,3.2,37.5,2.9,0.0
2013-07-21 09:00:00,7.2,41.3,12.9,0.0
2013-07-21 10:00:00,5.9,46.7,27.5,0.0
2013-07-21 11:00:00,5.3,36.3,34.6,0.3
2013-07-21 12:00:00,18.3,45.0,13.7,0.3
2013-07-21 13:00:00,11.0,44.5,0.0,0.4
2013-07-21 14:00:00,3.8,28.3,12.3,1.1
2013-07-21 15:00:00,8.7,30.4,29.9,2.8
2013-07-21 16:00:00,,,31.3,5.3
2013-07-21 17:00:00,4.0,0.5,40.8,20.2
2013-07-21 18:00:00,0.1,4.0,58.7,17.5
2013-07-21 19:00:00,0.0,4.0,54.7,5.2
2013-07-21 20:00:00,0.0,1.8,53.4,3.7
2013-07-21 21:00:00,0.0,7.0,64.6,3.8
2013-07-21 22:00:00,1.3,15.0,43.4,8.1
2013-07-21 23:00:00,0.0,8.5,12.3,1.3
2013-07-27 00:00:00,0.0,5.6,9.9,0.0
2013-07-27 01:00:00,0.0,0.9,0.0,
2013-07-27 02:00:00,,0.4,0.0,
2013-07-27 03:00:00,,0.0,0.0,
2013-07-27 04:00:00,,0.3,0.6,
2013-07-27 05:00:00,9.3,4.4,0.0,
2013-07-27 06:00:00,3.7,6.9,4.1,
2013-07-27 07:00:00,10.8,34.2,10.8,0.0
2013-07-27 08:00:00,11.1,55.8,24.1,0.0
2013-07-27 09:00:00,5.7,72.0,35.8,0.0
2013-07-27 10:00:00,10.0,70.3,54.1,1.1
2013-07-27 11:00:00,10.4,69.7,39.9,4.9
2013-07-27 12:00:00,10.2,67.7,28.3,1.6
2013-07-27 13:00:00,6.0,57.4,38.6,0.0
2013-07-27 14:00:00,4.0,37.7,23.8,2.8
2013-07-27 15:00:00,10.3,35.6,13.8,2.3
2013-07-27 16:00:00,5.7,13.9,11.8,0.0
2013-07-27 17:00:00,2.6,15.9,12.1,0.0
2013-07-27 18:00:00,0.9,14.6,6.9,1.6
2013-07-27 19:00:00,0.0,3.3,11.7,0.4
2013-07-27 20:00:00,0.5,9.9,14.7,3.9
2013-07-27 21:00:00,2.0,17.0,11.3,4.7
2013-07-27 22:00:00,,11.0,6.0,2.1
2013-07-27 23:00:00,,2.7,11.8,0.0
2013-07-28 00:00:00,,6.8,9.3,0.0
2013-07-28 01:00:00,,1.9,5.1,
2013-07-28 02:00:00,,0.0,4.4,
2013-07-28 03:00:00,,0.0,0.0,
2013-07-28 04:00:00,,0.0,0.0,
2013-07-28 05:00:00,,0.4,0.0,
2013-07-28 06:00:00,0.1,5.3,0.8,
2013-07-28 07:00:00,7.2,30.7,4.5,0.0
2013-07-28 08:00:00,5.3,30.5,11.0,0.0
2013-07-28 09:00:00,4.7,36.5,0.0,0.0
2013-07-28 10:00:00,6.3,43.3,0.0,0.6
2013-07-28 11:00:00,12.5,50.8,12.6,3.1
2013-07-28 12:00:00,5.8,41.0,31.3,0.5
2013-07-28 13:00:00,6.0,54.3,14.8,0.0
2013-07-28 14:00:00,33.4,55.3,15.8,3.0
2013-07-28 15:00:00,10.7,44.0,17.7,4.9
2013-07-28 16:00:00,1.9,23.3,36.0,13.3
2013-07-28 17:00:00,4.9,10.4,43.3,28.4
2013-07-28 18:00:00,2.8,5.9,62.5,10.3
2013-07-28 19:00:00,1.0,7.8,69.9,5.4
2013-07-28 20:00:00,0.3,0.9,62.6,2.0
2013-07-28 21:00:00,0.0,6.0,48.8,4.1
2013-07-28 22:00:00,0.4,9.3,36.2,7.3
2013-07-28 23:00:00,0.0,3.6,7.3,4.3
2013-08-03 00:00:00,3.2,3.7,0.0,0.0
2013-08-03 01:00:00,3.1,5.0,4.6,
2013-08-03 02:00:00,,2.2,3.3,
2013-08-03 03:00:00,,0.0,0.0,
2013-08-03 04:00:00,,0.8,0.0,
2013-08-03 05:00:00,11.7,18.2,0.0,
2013-08-03 06:00:00,5.3,48.6,1.3,
2013-08-03 07:00:00,11.4,67.8,1.1,0.0
2013-08-03 08:00:00,4.3,65.9,1.7,0.0
2013-08-03 09:00:00,9.0,65.1,6.4,0.0
2013-08-03 10:00:00,5.6,69.6,15.3,0.0
2013-08-03 11:00:00,5.3,67.0,24.1,0.0
2013-08-03 12:00:00,8.9,63.5,14.1,0.0
2013-08-03 13:00:00,7.4,70.0,6.2,0.0
2013-08-03 14:00:00,3.6,37.0,0.0,0.0
2013-08-03 15:00:00,2.5,23.4,9.4,0.0
2013-08-03 16:00:00,0.0,3.0,18.8,0.0
2013-08-03 17:00:00,0.0,4.0,36.2,0.0
2013-08-03 18:00:00,0.0,7.4,27.3,5.8
2013-08-03 19:00:00,6.8,8.2,20.7,7.4
2013-08-03 20:00:00,0.6,3.4,23.2,0.7
2013-08-03 21:00:00,,2.5,17.3,4.3
2013-08-03 22:00:00,,3.1,12.3,3.5
2013-08-03 23:00:00,,2.7,11.6,1.8
2013-08-04 00:00:00,,13.8,0.0,0.0
2013-08-04 01:00:00,,30.8,0.0,
2013-08-04 02:00:00,,11.1,0.0,
2013-08-04 03:00:00,,1.1,0.0,
2013-08-04 04:00:00,,0.1,0.0,
2013-08-04 05:00:00,,7.2,0.0,
2013-08-04 06:00:00,4.9,31.9,4.3,
2013-08-04 07:00:00,9.7,57.9,0.0,0.0
2013-08-04 08:00:00,5.4,58.5,0.0,0.0
2013-08-04 09:00:00,12.0,47.0,0.0,0.0
2013-08-04 10:00:00,,,11.8,0.0
2013-08-04 11:00:00,18.0,60.0,14.4,0.0
2013-08-04 12:00:00,13.9,57.8,0.0,0.0
2013-08-04 13:00:00,5.0,68.5,1.1,0.0
2013-08-04 14:00:00,2.2,60.8,16.3,0.0
2013-08-04 15:00:00,2.0,57.4,13.7,0.9
2013-08-04 16:00:00,2.0,44.1,13.7,1.8
2013-08-04 17:00:00,5.1,28.4,16.8,1.6
2013-08-04 18:00:00,3.0,15.4,22.0,4.1
2013-08-04 19:00:00,0.0,2.5,30.0,2.3
2013-08-04 20:00:00,0.3,6.3,18.4,1.7
2013-08-04 21:00:00,0.0,4.0,17.9,2.9
2013-08-04 22:00:00,0.0,2.7,11.5,4.5
2013-08-04 23:00:00,0.0,2.4,16.8,2.5
2013-08-10 00:00:00,0.0,2.9,4.4,0.0
2013-08-10 01:00:00,,0.9,0.0,
2013-08-10 02:00:00,,0.2,0.0,
2013-08-10 03:00:00,,0.0,0.0,
2013-08-10 04:00:00,,0.0,0.0,
2013-08-10 05:00:00,9.0,1.4,0.0,
2013-08-10 06:00:00,0.7,2.2,0.0,
2013-08-10 07:00:00,8.4,23.8,10.2,0.0
2013-08-10 08:00:00,5.3,52.2,7.6,0.0
2013-08-10 09:00:00,5.1,62.9,25.2,0.0
2013-08-10 10:00:00,7.8,64.8,32.0,0.0
2013-08-10 11:00:00,6.4,51.2,50.6,1.3
2013-08-10 12:00:00,5.8,36.8,49.0,3.5
2013-08-10 13:00:00,5.4,33.6,25.3,6.3
2013-08-10 14:00:00,5.4,35.3,8.6,3.9
2013-08-10 15:00:00,5.7,26.8,11.6,1.5
2013-08-10 16:00:00,4.2,9.4,13.8,2.3
2013-08-10 17:00:00,0.4,2.0,15.3,2.2
2013-08-10 18:00:00,0.3,3.8,27.9,7.8
2013-08-10 19:00:00,0.0,3.3,41.0,0.4
2013-08-10 20:00:00,0.0,3.0,55.1,3.1
2013-08-10 21:00:00,0.0,4.0,39.9,9.6
2013-08-10 22:00:00,0.0,0.8,40.9,7.9
2013-08-10 23:00:00,0.0,5.3,21.4,4.6
2013-08-11 00:00:00,,4.0,7.3,0.0
2013-08-11 01:00:00,,2.5,7.3,
2013-08-11 02:00:00,,0.5,4.0,
2013-08-11 03:00:00,,0.0,0.0,
2013-08-11 04:00:00,,0.3,0.0,
2013-08-11 05:00:00,,1.4,0.0,
2013-08-11 06:00:00,0.3,6.8,4.9,
2013-08-11 07:00:00,3.6,36.2,19.8,0.0
2013-08-11 08:00:00,2.3,35.4,11.3,0.0
2013-08-11 09:00:00,3.7,55.5,7.0,0.0
2013-08-11 10:00:00,4.1,57.4,24.0,0.0
2013-08-11 11:00:00,4.8,64.4,48.6,0.4
2013-08-11 12:00:00,3.5,60.6,49.2,0.6
2013-08-11 13:00:00,3.5,61.3,37.3,0.0
2013-08-11 14:00:00,5.1,43.0,29.4,1.8
2013-08-11 15:00:00,3.4,35.4,17.1,2.5
2013-08-11 16:00:00,11.8,22.6,16.5,3.4
2013-08-11 17:00:00,3.9,4.8,31.5,12.3
2013-08-11 18:00:00,1.0,6.2,48.7,3.0
2013-08-11 19:00:00,0.2,2.8,56.4,4.2
2013-08-11 20:00:00,0.7,7.7,53.1,4.0
2013-08-11 21:00:00,0.1,7.5,48.7,5.3
2013-08-11 22:00:00,0.0,4.3,39.6,6.0
2013-08-11 23:00:00,0.0,1.5,10.9,4.2
2013-08-17 00:00:00,,1.1,1.8,0.0
2013-08-17 01:00:00,,0.0,0.0,
2013-08-17 02:00:00,,0.1,0.0,
2013-08-17 03:00:00,,0.1,2.5,
2013-08-17 04:00:00,,0.1,0.0,
2013-08-17 05:00:00,,0.9,0.0,
2013-08-17 06:00:00,0.3,0.8,1.3,
2013-08-17 07:00:00,5.3,22.0,11.4,0.0
2013-08-17 08:00:00,3.1,61.4,13.3,0.0
2013-08-17 09:00:00,6.8,58.8,24.5,0.0
2013-08-17 10:00:00,9.2,70.9,52.1,0.0
2013-08-17 11:00:00,12.7,72.1,51.5,6.6
2013-08-17 12:00:00,5.0,68.7,58.3,1.8
2013-08-17 13:00:00,5.3,59.0,59.8,0.0
2013-08-17 14:00:00,10.5,46.1,54.3,0.0
2013-08-17 15:00:00,4.5,36.0,40.7,9.1
2013-08-17 16:00:00,4.3,28.1,47.3,8.8
2013-08-17 17:00:00,2.0,5.1,43.7,0.9
2013-08-17 18:00:00,0.8,12.4,60.4,0.0
2013-08-17 19:00:00,0.0,1.8,69.3,0.0
2013-08-17 20:00:00,0.0,3.2,67.5,0.0
2013-08-17 21:00:00,0.0,2.1,82.9,1.4
2013-08-17 22:00:00,,2.3,70.5,1.7
2013-08-17 23:00:00,,4.4,81.8,0.0
2013-08-18 00:00:00,,4.4,34.3,0.0
2013-08-18 01:00:00,,0.7,4.8,
2013-08-18 02:00:00,,0.1,0.0,
2013-08-18 03:00:00,,0.0,0.0,
2013-08-18 04:00:00,,0.5,0.0,
2013-08-18 05:00:00,2.0,1.7,0.0,
2013-08-18 06:00:00,1.6,14.1,0.8,
2013-08-18 07:00:00,4.1,46.1,2.5,0.0
2013-08-18 08:00:00,2.8,53.2,1.5,0.0
2013-08-18 09:00:00,2.9,59.8,20.4,0.0
2013-08-18 10:00:00,4.8,59.5,31.8,0.0
2013-08-18 11:00:00,3.8,55.8,24.4,0.4
2013-08-18 12:00:00,3.4,56.8,36.3,0.6
2013-08-18 13:00:00,3.3,59.1,45.5,0.9
2013-08-18 14:00:00,3.8,50.1,44.6,0.0
2013-08-18 15:00:00,3.8,44.9,31.0,3.0
2013-08-18 16:00:00,1.9,32.8,33.4,9.4
2013-08-18 17:00:00,3.3,28.3,50.2,15.8
2013-08-18 18:00:00,4.3,5.3,68.0,10.5
2013-08-18 19:00:00,0.0,5.0,81.7,7.3
2013-08-18 20:00:00,0.0,3.3,83.7,4.0
2013-08-18 21:00:00,0.0,0.7,89.3,4.7
2013-08-18 22:00:00,0.2,1.9,76.6,4.3
2013-08-18 23:00:00,0.0,1.7,29.9,9.3
2013-08-24 00:00:00,0.0,4.3,0.0,0.0
2013-08-24 01:00:00,,0.2,0.0,
2013-08-24 02:00:00,,0.0,0.0,
2013-08-24 03:00:00,,0.7,0.0,
2013-08-24 04:00:00,,1.9,0.0,
2013-08-24 05:00:00,,0.3,0.0,
2013-08-24 06:00:00,0.4,3.7,0.0,
2013-08-24 07:00:00,7.1,52.1,0.0,0.0
2013-08-24 08:00:00,7.7,54.8,0.0,0.0
2013-08-24 09:00:00,2.9,62.3,23.6,0.0
2013-08-24 10:00:00,7.3,58.9,24.4,0.0
2013-08-24 11:00:00,7.7,71.4,27.1,1.4
2013-08-24 12:00:00,5.5,55.3,18.6,2.3
2013-08-24 13:00:00,4.8,48.3,18.8,4.3
2013-08-24 14:00:00,9.2,38.3,17.5,4.8
2013-08-24 15:00:00,1.5,26.3,14.4,2.8
2013-08-24 16:00:00,4.2,8.7,18.5,0.0
2013-08-24 17:00:00,0.5,4.3,18.3,1.2
2013-08-24 18:00:00,0.5,11.8,38.5,0.3
2013-08-24 19:00:00,0.2,1.0,49.5,0.0
2013-08-24 20:00:00,0.0,2.5,53.4,0.0
2013-08-24 21:00:00,0.0,0.8,53.1,0.0
2013-08-24 22:00:00,0.0,3.2,60.3,0.0
2013-08-24 23:00:00,0.0,6.3,37.1,6.3
2013-08-25 00:00:00,0.0,0.7,18.0,0.0
2013-08-25 01:00:00,0.0,0.3,2.4,
2013-08-25 02:00:00,,0.0,6.7,
2013-08-25 03:00:00,,0.0,0.0,
2013-08-25 04:00:00,,0.0,0.0,
2013-08-25 05:00:00,7.0,2.4,0.0,
2013-08-25 06:00:00,2.0,22.7,0.0,
2013-08-25 07:00:00,4.3,47.2,0.0,0.0
2013-08-25 08:00:00,4.9,57.8,0.0,0.0
2013-08-25 09:00:00,7.3,58.6,17.0,0.0
2013-08-25 10:00:00,4.7,56.3,7.0,0.0
2013-08-25 11:00:00,3.4,56.4,16.5,1.8
2013-08-25 12:00:00,2.7,44.4,7.6,2.8
2013-08-25 13:00:00,2.8,42.2,5.9,0.0
2013-08-25 14:00:00,6.7,41.9,2.1,0.0
2013-08-25 15:00:00,6.8,37.8,14.9,1.6
2013-08-25 16:00:00,5.4,22.8,27.9,12.2
2013-08-25 17:00:00,0.4,5.5,46.8,11.8
2013-08-25 18:00:00,0.6,6.2,69.1,3.0
2013-08-25 19:00:00,0.0,1.9,97.6,9.8
2013-08-25 20:00:00,0.0,3.2,110.6,6.4
2013-08-25 21:00:00,0.0,2.5,113.8,6.3
2013-08-25 22:00:00,0.0,0.7,100.3,6.1
2013-08-25 23:00:00,,4.3,44.7,8.2
2013-08-31 00:00:00,0.0,3.8,15.7,0.0
2013-08-31 01:00:00,1.6,4.3,4.0,
2013-08-31 02:00:00,,0.3,1.1,
2013-08-31 03:00:00,,0.1,0.0,
2013-08-31 04:00:00,,0.7,0.0,
2013-08-31 05:00:00,,15.9,0.0,
2013-08-31 06:00:00,1.9,36.3,1.0,
2013-08-31 07:00:00,4.8,64.3,28.2,0.0
2013-08-31 08:00:00,4.6,65.5,27.4,0.0
2013-08-31 09:00:00,5.2,59.7,61.1,0.0
2013-08-31 10:00:00,6.1,63.4,106.1,1.1
2013-08-31 11:00:00,4.8,57.3,115.9,0.4
2013-08-31 12:00:00,11.8,36.5,68.2,4.3
2013-08-31 13:00:00,3.9,20.3,55.5,3.2
2013-08-31 14:00:00,5.1,8.7,44.0,2.9
2013-08-31 15:00:00,4.5,18.5,28.9,4.8
2013-08-31 16:00:00,4.6,20.0,14.3,3.8
2013-08-31 17:00:00,0.9,6.0,32.2,2.3
2013-08-31 18:00:00,0.0,3.8,25.0,4.2
2013-08-31 19:00:00,0.0,1.8,22.5,2.2
2013-08-31 20:00:00,1.3,18.0,37.8,4.0
2013-08-31 21:00:00,1.1,11.4,24.3,4.3
2013-08-31 22:00:00,0.4,8.3,13.8,8.3
2013-08-31 23:00:00,1.2,21.4,13.0,4.3
2013-09-01 00:00:00,0.0,5.6,9.0,0.0
2013-09-01 01:00:00,0.0,0.2,32.6,
2013-09-01 02:00:00,0.0,0.3,36.3,
2013-09-01 03:00:00,0.0,0.0,1.3,
2013-09-01 04:00:00,,0.2,0.0,
2013-09-01 05:00:00,,1.9,0.0,
2013-09-01 06:00:00,1.3,11.4,0.8,
2013-09-01 07:00:00,4.8,33.9,5.4,0.0
2013-09-01 08:00:00,3.8,56.2,24.6,0.0
2013-09-01 09:00:00,4.2,67.7,24.4,0.8
2013-09-01 10:00:00,8.5,53.3,55.6,0.0
2013-09-01 11:00:00,11.6,49.1,44.3,1.8
2013-09-01 12:00:00,21.7,31.4,52.0,3.2
2013-09-01 13:00:00,11.6,19.0,44.8,0.0
2013-09-01 14:00:00,2.4,9.0,25.8,2.1
2013-09-01 15:00:00,2.0,22.8,13.1,2.3
2013-09-01 16:00:00,1.6,27.2,10.6,4.3
2013-09-01 17:00:00,0.8,21.5,29.7,3.6
2013-09-01 18:00:00,0.1,2.0,38.6,2.7
2013-09-01 19:00:00,0.0,6.0,54.7,4.1
2013-09-01 20:00:00,,6.4,69.7,3.8
2013-09-01 21:00:00,,6.2,70.5,6.1
2013-09-01 22:00:00,,1.4,62.9,4.6
2013-09-01 23:00:00,,6.1,50.4,5.4
2013-09-07 00:00:00,,2.6,5.1,0.0
2013-09-07 01:00:00,,0.3,0.0,
2013-09-07 02:00:00,,0.0,0.0,
2013-09-07 03:00:00,,0.0,0.0,
2013-09-07 04:00:00,,0.0,0.0,
2013-09-07 05:00:00,,0.7,0.0,
2013-09-07 06:00:00,0.3,1.3,2.0,
2013-09-07 07:00:00,1.8,3.2,16.5,0.0
2013-09-07 08:00:00,7.8,36.8,19.3,0.0
2013-09-07 09:00:00,5.0,42.6,11.4,0.0
2013-09-07 10:00:00,17.2,54.2,4.0,0.0
2013-09-07 11:00:00,14.8,59.3,19.8,0.0
2013-09-07 12:00:00,8.1,43.6,21.3,0.3
2013-09-07 13:00:00,11.6,40.6,15.8,9.3
2013-09-07 14:00:00,5.0,20.8,11.8,3.4
2013-09-07 15:00:00,2.3,18.3,8.8,9.9
2013-09-07 16:00:00,1.4,3.9,21.2,7.1
2013-09-07 17:00:00,0.2,3.1,43.1,7.2
2013-09-07 18:00:00,0.0,0.8,48.2,10.7
2013-09-07 19:00:00,0.0,3.8,39.6,3.3
2013-09-07 20:00:00,0.0,2.7,54.5,0.9
2013-09-07 21:00:00,0.0,1.7,52.8,2.0
2013-09-07 22:00:00,0.0,0.6,31.0,4.6
2013-09-07 23:00:00,,4.6,6.7,0.0
2013-09-08 00:00:00,,1.8,14.5,0.0
2013-09-08 01:00:00,,0.0,2.6,
2013-09-08 02:00:00,,0.0,0.0,
2013-09-08 03:00:00,,0.0,0.0,
2013-09-08 04:00:00,,0.0,0.0,
2013-09-08 05:00:00,,0.1,0.0,
2013-09-08 06:00:00,0.1,3.3,0.0,
2013-09-08 07:00:00,2.7,25.4,3.3,0.0
2013-09-08 08:00:00,8.3,39.9,3.8,0.0
2013-09-08 09:00:00,4.7,38.2,0.0,0.0
2013-09-08 10:00:00,6.3,29.3,0.0,0.0
2013-09-08 11:00:00,3.4,34.6,11.8,0.0
2013-09-08 12:00:00,5.7,34.8,26.7,0.0
2013-09-08 13:00:00,3.0,24.4,27.3,0.0
2013-09-08 14:00:00,4.1,22.5,23.1,0.0
2013-09-08 15:00:00,3.0,8.4,11.1,1.3
2013-09-08 16:00:00,4.2,7.1,19.9,4.7
2013-09-08 17:00:00,0.8,3.3,37.8,15.9
2013-09-08 18:00:00,0.3,1.2,42.4,11.1
2013-09-08 19:00:00,0.0,3.8,53.5,4.3
2013-09-08 20:00:00,0.0,2.0,56.5,0.0
2013-09-08 21:00:00,0.0,2.8,27.9,4.4
2013-09-08 22:00:00,0.0,0.4,3.1,0.0
2013-09-08 23:00:00,0.0,0.7,0.0,0.0
2013-09-14 00:00:00,0.0,1.2,4.4,0.0
2013-09-14 01:00:00,,0.0,0.0,
2013-09-14 02:00:00,,0.7,0.0,
2013-09-14 03:00:00,,0.0,0.0,
2013-09-14 04:00:00,,0.0,0.0,
2013-09-14 05:00:00,,0.3,0.0,
2013-09-14 06:00:00,0.0,0.6,0.0,
2013-09-14 07:00:00,1.3,3.0,15.0,0.0
2013-09-14 08:00:00,12.6,29.8,9.1,0.0
2013-09-14 09:00:00,19.1,49.5,9.4,0.0
2013-09-14 10:00:00,9.3,48.2,27.7,0.3
2013-09-14 11:00:00,14.3,46.2,33.2,4.4
2013-09-14 12:00:00,5.6,31.6,28.3,0.3
2013-09-14 13:00:00,4.4,24.9,17.5,0.5
2013-09-14 14:00:00,4.5,17.3,20.6,3.0
2013-09-14 15:00:00,4.3,11.3,11.1,9.8
2013-09-14 16:00:00,24.8,24.1,12.1,6.9
2013-09-14 17:00:00,5.0,11.4,26.6,11.9
2013-09-14 18:00:00,0.0,4.1,40.5,0.0
2013-09-14 19:00:00,0.0,1.3,42.3,0.0
2013-09-14 20:00:00,0.0,1.8,49.0,0.0
2013-09-14 21:00:00,0.0,7.8,27.9,1.3
2013-09-14 22:00:00,,23.4,21.2,2.8
2013-09-14 23:00:00,,20.1,36.0,0.0
2013-09-15 00:00:00,,8.6,12.3,0.0
2013-09-15 01:00:00,,0.7,5.5,
2013-09-15 02:00:00,,1.0,4.4,
2013-09-15 03:00:00,,0.1,0.0,
2013-09-15 04:00:00,,0.3,0.0,
2013-09-15 05:00:00,,0.0,0.0,
2013-09-15 06:00:00,0.0,2.4,0.0,
2013-09-15 07:00:00,3.6,23.1,2.5,0.0
2013-09-15 08:00:00,6.6,27.1,0.8,0.0
2013-09-15 09:00:00,6.3,35.8,11.6,0.0
2013-09-15 10:00:00,5.2,38.8,13.8,0.0
2013-09-15 11:00:00,4.6,39.2,0.0,1.1
2013-09-15 12:00:00,4.7,35.4,15.5,0.3
2013-09-15 13:00:00,11.3,42.7,3.8,0.0
2013-09-15 14:00:00,1.5,35.4,4.8,0.6
2013-09-15 15:00:00,3.3,31.3,5.2,2.8
2013-09-15 16:00:00,7.3,20.9,15.5,0.5
2013-09-15 17:00:00,1.8,15.1,36.8,5.2
2013-09-15 18:00:00,0.5,4.3,42.6,1.2
2013-09-15 19:00:00,0.4,0.7,47.4,1.9
2013-09-15 20:00:00,0.1,0.7,39.0,0.0
2013-09-15 21:00:00,0.0,1.9,10.6,0.0
2013-09-15 22:00:00,0.0,1.3,0.0,0.0
2013-09-15 23:00:00,0.0,2.2,0.0,0.0
2013-09-21 00:00:00,,1.4,0.0,0.0
2013-09-21 01:00:00,,0.2,0.0,
2013-09-21 02:00:00,,0.0,0.0,
2013-09-21 03:00:00,,0.0,0.0,
2013-09-21 04:00:00,,0.0,0.0,
2013-09-21 05:00:00,2.0,0.4,0.0,
2013-09-21 06:00:00,0.3,0.8,0.0,
2013-09-21 07:00:00,0.9,1.3,12.5,0.0
2013-09-21 08:00:00,5.7,20.1,6.3,0.0
2013-09-21 09:00:00,4.5,39.2,22.8,0.0
2013-09-21 10:00:00,4.2,49.1,21.1,1.1
2013-09-21 11:00:00,14.3,45.5,26.3,2.8
2013-09-21 12:00:00,8.5,45.6,33.8,1.8
2013-09-21 13:00:00,9.7,44.6,32.1,0.0
2013-09-21 14:00:00,3.7,36.5,19.9,0.0
2013-09-21 15:00:00,4.5,25.0,7.9,5.4
2013-09-21 16:00:00,3.9,8.0,4.9,1.9
2013-09-21 17:00:00,0.2,5.1,12.0,0.3
2013-09-21 18:00:00,0.0,1.3,24.6,0.0
2013-09-21 19:00:00,0.0,1.7,48.3,0.0
2013-09-21 20:00:00,0.0,1.3,51.0,0.4
2013-09-21 21:00:00,0.0,1.3,33.3,7.1
2013-09-21 22:00:00,,3.1,18.8,1.3
2013-09-21 23:00:00,,2.9,7.5,0.0
2013-09-22 00:00:00,,0.4,10.8,0.0
2013-09-22 01:00:00,,0.0,3.9,
2013-09-22 02:00:00,0.0,0.0,0.0,
2013-09-22 03:00:00,0.0,0.0,0.0,
2013-09-22 04:00:00,0.0,0.0,0.0,
2013-09-22 05:00:00,0.0,0.3,0.0,
2013-09-22 06:00:00,0.0,1.7,0.0,
2013-09-22 07:00:00,3.7,18.0,4.2,0.0
2013-09-22 08:00:00,3.1,27.5,5.4,0.0
2013-09-22 09:00:00,3.5,40.2,7.3,0.6
2013-09-22 10:00:00,2.7,48.1,2.3,0.0
2013-09-22 11:00:00,1.9,50.1,10.4,3.5
2013-09-22 12:00:00,3.3,43.4,21.3,7.3
2013-09-22 13:00:00,2.0,40.0,30.3,0.0
2013-09-22 14:00:00,1.9,34.3,20.3,2.2
2013-09-22 15:00:00,5.1,32.4,13.8,0.8
2013-09-22 16:00:00,4.1,14.4,28.8,3.8
2013-09-22 17:00:00,0.2,1.8,35.4,2.8
2013-09-22 18:00:00,0.0,1.7,38.8,5.3
2013-09-22 19:00:00,0.0,1.3,46.7,10.9
2013-09-22 20:00:00,0.0,0.6,58.5,9.0
2013-09-22 21:00:00,0.0,2.0,42.8,7.5
2013-09-22 22:00:00,,0.5,12.7,4.1
2013-09-22 23:00:00,,0.4,0.0,0.0
2013-09-28 00:00:00,,1.2,19.3,0.0
2013-09-28 01:00:00,,0.0,0.0,
2013-09-28 02:00:00,,0.0,0.0,
2013-09-28 03:00:00,,0.0,0.0,
2013-09-28 04:00:00,,0.1,0.0,
2013-09-28 05:00:00,,0.1,0.0,
2013-09-28 06:00:00,0.0,0.5,0.0,
2013-09-28 07:00:00,2.3,27.8,0.0,0.0
2013-09-28 08:00:00,13.8,40.5,0.0,0.0
2013-09-28 09:00:00,6.8,56.8,0.0,0.0
2013-09-28 10:00:00,12.3,50.0,7.0,0.4
2013-09-28 11:00:00,24.2,52.0,25.6,0.0
2013-09-28 12:00:00,10.3,41.1,23.3,7.2
2013-09-28 13:00:00,12.6,27.6,13.6,0.7
2013-09-28 14:00:00,5.4,18.4,9.6,0.3
2013-09-28 15:00:00,9.2,19.4,14.2,0.7
2013-09-28 16:00:00,7.1,24.8,20.0,0.0
2013-09-28 17:00:00,2.8,36.9,48.2,1.4
2013-09-28 18:00:00,2.2,30.3,40.4,0.0
2013-09-28 19:00:00,0.0,24.4,58.0,4.5
2013-09-28 20:00:00,,7.4,49.2,1.3
2013-09-28 21:00:00,,0.3,48.3,0.0
2013-09-28 22:00:00,,0.3,39.4,0.0
2013-09-28 23:00:00,,0.6,24.2,1.5
2013-09-29 00:00:00,,2.8,6.9,0.0
2013-09-29 01:00:00,,0.4,0.0,
2013-09-29 02:00:00,,0.4,0.0,
2013-09-29 03:00:00,,0.3,0.0,
2013-09-29 04:00:00,,0.0,0.0,
2013-09-29 05:00:00,,1.5,0.0,
2013-09-29 06:00:00,0.1,4.8,0.0,
2013-09-29 07:00:00,1.8,24.6,0.0,0.0
2013-09-29 08:00:00,2.5,37.1,0.0,0.0
2013-09-29 09:00:00,2.4,35.3,0.0,0.0
2013-09-29 10:00:00,5.9,45.9,0.0,0.0
2013-09-29 11:00:00,3.7,41.5,1.8,0.8
2013-09-29 12:00:00,2.2,42.8,7.7,0.0
2013-09-29 13:00:00,2.9,42.4,0.0,0.0
2013-09-29 14:00:00,2.2,35.9,5.8,5.9
2013-09-29 15:00:00,1.8,22.5,8.9,0.3
2013-09-29 16:00:00,1.8,19.8,14.0,1.3
2013-09-29 17:00:00,1.0,14.0,26.5,0.0
2013-09-29 18:00:00,0.0,7.3,37.9,1.0
2013-09-29 19:00:00,0.0,1.2,56.2,4.2
2013-09-29 20:00:00,,1.1,43.7,4.7
2013-09-29 21:00:00,,1.2,26.8,3.7
2013-09-29 22:00:00,,0.8,11.8,0.0
2013-09-29 23:00:00,,0.8,14.2,0.0
2013-10-05 00:00:00,,8.4,2.3,0.0
2013-10-05 01:00:00,,2.9,2.7,
2013-10-05 02:00:00,,0.0,0.0,
2013-10-05 03:00:00,,0.0,0.0,
2013-10-05 04:00:00,,0.0,0.0,
2013-10-05 05:00:00,2.0,0.7,0.0,
2013-10-05 06:00:00,0.2,1.8,0.0,
2013-10-05 07:00:00,4.4,26.9,9.1,0.0
2013-10-05 08:00:00,6.3,56.8,1.5,0.0
2013-10-05 09:00:00,5.2,67.9,8.2,0.0
2013-10-05 10:00:00,7.9,66.3,16.3,0.0
2013-10-05 11:00:00,7.1,44.2,16.8,6.8
2013-10-05 12:00:00,5.4,38.9,11.0,2.3
2013-10-05 13:00:00,5.4,44.8,14.9,0.0
2013-10-05 14:00:00,5.4,29.7,21.3,0.0
2013-10-05 15:00:00,4.6,15.8,27.1,0.3
2013-10-05 16:00:00,5.3,27.6,33.3,2.3
2013-10-05 17:00:00,7.5,26.4,52.3,7.3
2013-10-05 18:00:00,2.4,17.8,65.4,6.8
2013-10-05 19:00:00,0.8,7.7,93.3,5.1
2013-10-05 20:00:00,1.6,9.3,106.8,8.8
2013-10-05 21:00:00,0.8,11.3,112.3,7.3
2013-10-05 22:00:00,0.0,1.3,74.6,0.0
2013-10-05 23:00:00,0.0,0.5,55.2,0.0
2013-10-06 00:00:00,0.0,0.3,6.8,0.0
2013-10-06 01:00:00,0.0,0.0,0.0,
2013-10-06 02:00:00,,0.0,0.0,
2013-10-06 03:00:00,,0.0,0.0,
2013-10-06 04:00:00,,0.0,0.0,
2013-10-06 05:00:00,,0.1,0.0,
2013-10-06 06:00:00,0.3,4.2,1.6,
2013-10-06 07:00:00,4.8,29.7,0.0,0.0
2013-10-06 08:00:00,2.8,37.2,0.0,0.0
2013-10-06 09:00:00,5.4,37.1,0.0,0.0
2013-10-06 10:00:00,2.8,35.8,0.0,0.0
2013-10-06 11:00:00,3.8,47.0,12.0,0.3
2013-10-06 12:00:00,2.1,35.5,12.2,6.4
2013-10-06 13:00:00,5.2,31.9,17.8,2.3
2013-10-06 14:00:00,4.3,25.0,15.9,1.7
2013-10-06 15:00:00,3.5,11.7,13.8,6.7
2013-10-06 16:00:00,3.3,14.4,25.5,8.6
2013-10-06 17:00:00,4.3,25.4,47.0,5.7
2013-10-06 18:00:00,4.0,18.8,59.8,1.3
2013-10-06 19:00:00,1.8,16.1,63.6,4.3
2013-10-06 20:00:00,0.1,6.7,65.9,4.8
2013-10-06 21:00:00,0.0,2.1,48.0,6.4
2013-10-06 22:00:00,0.0,0.5,20.2,6.7
2013-10-06 23:00:00,0.0,0.2,0.0,0.0
2013-10-12 00:00:00,,5.6,1.3,0.0
2013-10-12 01:00:00,,4.1,0.0,
2013-10-12 02:00:00,,0.0,0.0,
2013-10-12 03:00:00,,0.0,0.0,
2013-10-12 04:00:00,,0.1,0.0,
2013-10-12 05:00:00,,11.9,0.0,
2013-10-12 06:00:00,6.0,36.4,0.0,
2013-10-12 07:00:00,8.8,59.3,0.0,0.0
2013-10-12 08:00:00,4.3,62.8,0.0,0.0
2013-10-12 09:00:00,13.1,67.7,0.0,0.0
2013-10-12 10:00:00,17.3,63.1,15.8,0.0
2013-10-12 11:00:00,20.8,57.3,13.4,1.8
2013-10-12 12:00:00,15.5,55.9,17.8,1.0
2013-10-12 13:00:00,5.8,37.8,13.8,3.2
2013-10-12 14:00:00,4.0,15.8,15.5,2.4
2013-10-12 15:00:00,4.9,8.3,21.8,0.6
2013-10-12 16:00:00,2.8,18.7,23.2,3.4
2013-10-12 17:00:00,0.0,3.1,23.7,10.1
2013-10-12 18:00:00,0.0,3.1,23.0,4.6
2013-10-12 19:00:00,0.0,1.3,36.3,1.1
2013-10-12 20:00:00,,5.8,35.3,5.5
2013-10-12 21:00:00,,7.4,32.1,1.2
2013-10-12 22:00:00,,0.6,31.5,0.9
2013-10-12 23:00:00,,0.6,13.5,0.0
2013-10-13 00:00:00,,1.5,11.0,0.0
2013-10-13 01:00:00,,0.2,14.3,
2013-10-13 02:00:00,,0.0,0.0,
2013-10-13 03:00:00,,0.0,0.0,
2013-10-13 04:00:00,,0.0,0.0,
2013-10-13 05:00:00,,2.0,0.0,
2013-10-13 06:00:00,3.4,19.6,0.0,
2013-10-13 07:00:00,2.7,51.9,0.0,0.0
2013-10-13 08:00:00,6.5,55.9,0.0,0.0
2013-10-13 09:00:00,11.3,57.8,3.3,0.0
2013-10-13 10:00:00,4.2,57.2,6.3,0.0
2013-10-13 11:00:00,4.5,58.8,0.0,0.0
2013-10-13 12:00:00,2.8,42.6,17.7,1.8
2013-10-13 13:00:00,3.5,42.9,18.7,1.5
2013-10-13 14:00:00,4.8,37.4,7.9,0.0
2013-10-13 15:00:00,4.2,42.4,11.4,1.0
2013-10-13 16:00:00,3.6,34.4,19.2,2.1
2013-10-13 17:00:00,1.5,24.1,42.8,3.6
2013-10-13 18:00:00,0.7,12.2,58.5,18.7
2013-10-13 19:00:00,0.2,7.3,78.7,8.1
2013-10-13 20:00:00,0.2,6.4,110.4,2.6
2013-10-13 21:00:00,,7.4,153.2,0.0
2013-10-13 22:00:00,,1.3,134.7,5.8
2013-10-13 23:00:00,,1.2,89.8,0.0
2013-10-19 00:00:00,,,2.8,
2013-10-19 01:00:00,,,1.9,
2013-10-19 02:00:00,,,0.0,
2013-10-19 03:00:00,,,0.0,
2013-10-19 04:00:00,,,0.0,
2013-10-19 05:00:00,,,0.0,
2013-10-19 06:00:00,,,1.4,
2013-10-19 07:00:00,,,1.8,0.0
2013-10-19 08:00:00,,,14.8,0.0
2013-10-19 09:00:00,,,0.9,0.0
2013-10-19 10:00:00,,,25.7,0.0
2013-10-19 11:00:00,,,54.8,5.4
2013-10-19 12:00:00,,,45.9,4.5
2013-10-19 13:00:00,,,55.1,2.3
2013-10-19 14:00:00,,,25.8,0.0
2013-10-19 15:00:00,,,42.4,1.8
2013-10-19 16:00:00,,,45.3,0.3
2013-10-19 17:00:00,,,43.3,6.2
2013-10-19 18:00:00,,,36.7,0.0
2013-10-19 19:00:00,,,30.0,0.0
2013-10-19 20:00:00,,,14.8,0.9
2013-10-19 21:00:00,,,10.6,0.4
2013-10-19 22:00:00,,,0.0,0.0
2013-10-19 23:00:00,,,12.3,0.0
2013-10-20 00:00:00,,,8.3,
2013-10-20 01:00:00,,,0.0,
2013-10-20 02:00:00,,,0.0,
2013-10-20 03:00:00,,,0.0,
2013-10-20 04:00:00,,,0.0,
2013-10-20 05:00:00,,,0.0,
2013-10-20 06:00:00,,,0.0,
2013-10-20 07:00:00,,,1.3,0.0
2013-10-20 08:00:00,,,1.3,0.0
2013-10-20 09:00:00,,,0.0,0.0
2013-10-20 10:00:00,,,0.0,0.0
2013-10-20 11:00:00,,,0.0,0.7
2013-10-20 12:00:00,,,2.5,1.2
2013-10-20 13:00:00,,,8.4,3.2
2013-10-20 14:00:00,,,14.6,0.6
2013-10-20 15:00:00,,,7.8,4.1
2013-10-20 16:00:00,,,28.7,9.7
2013-10-20 17:00:00,,,40.7,0.0
2013-10-20 18:00:00,,,46.0,0.0
2013-10-20 19:00:00,,,44.8,0.0
2013-10-20 20:00:00,,,31.8,0.3
2013-10-20 21:00:00,,,7.9,0.0
2013-10-20 22:00:00,,,0.0,0.0
2013-10-20 23:00:00,,,0.0,0.0
2013-10-26 00:00:00,,3.5,14.1,
2013-10-26 01:00:00,,0.0,0.0,
2013-10-26 02:00:00,,0.0,0.0,
2013-10-26 03:00:00,,0.0,0.0,
2013-10-26 04:00:00,,0.1,0.0,
2013-10-26 05:00:00,,0.8,0.0,
2013-10-26 06:00:00,1.8,10.3,0.0,
2013-10-26 07:00:00,4.3,28.2,3.1,0.0
2013-10-26 08:00:00,6.0,29.3,1.8,0.0
2013-10-26 09:00:00,3.8,31.6,7.3,0.0
2013-10-26 10:00:00,6.3,40.1,9.0,0.5
2013-10-26 11:00:00,20.0,39.0,25.6,4.8
2013-10-26 12:00:00,16.3,33.8,31.1,2.9
2013-10-26 13:00:00,7.3,24.8,21.3,0.0
2013-10-26 14:00:00,5.1,19.9,15.8,0.3
2013-10-26 15:00:00,5.2,25.6,12.4,7.0
2013-10-26 16:00:00,8.3,27.8,9.3,4.1
2013-10-26 17:00:00,1.8,22.3,12.4,1.4
2013-10-26 18:00:00,0.0,6.9,12.1,0.7
2013-10-26 19:00:00,0.0,2.8,17.8,4.4
2013-10-26 20:00:00,,2.2,35.9,9.6
2013-10-26 21:00:00,,8.3,19.8,2.3
2013-10-26 22:00:00,,9.7,0.0,0.0
2013-10-26 23:00:00,,0.6,1.1,0.0
2013-10-27 00:00:00,,0.3,1.3,
2013-10-27 01:00:00,,0.0,0.0,
2013-10-27 02:00:00,,0.0,0.0,
2013-10-27 03:00:00,,0.0,0.0,
2013-10-27 04:00:00,,0.0,0.0,
2013-10-27 05:00:00,,0.3,0.0,
2013-10-27 06:00:00,,6.4,0.0,
2013-10-27 07:00:00,,27.4,0.0,0.0
2013-10-27 08:00:00,4.2,30.8,0.0,0.0
2013-10-27 09:00:00,4.3,30.3,0.0,0.0
2013-10-27 10:00:00,10.2,27.3,0.0,0.0
2013-10-27 11:00:00,6.3,21.8,0.0,1.4
2013-10-27 12:00:00,3.4,21.4,20.1,0.3
2013-10-27 13:00:00,3.4,22.9,41.1,0.0
2013-10-27 14:00:00,1.8,15.8,26.3,0.0
2013-10-27 15:00:00,1.4,6.3,45.0,0.3
2013-10-27 16:00:00,0.6,11.2,53.3,2.1
2013-10-27 17:00:00,0.2,3.6,63.5,14.5
2013-10-27 18:00:00,1.9,19.6,68.5,10.8
2013-10-27 19:00:00,2.5,13.4,90.9,0.3
2013-10-27 20:00:00,,13.0,87.8,3.8
2013-10-27 21:00:00,,20.3,51.0,1.1
2013-10-27 22:00:00,,7.3,18.0,0.0
2013-10-27 23:00:00,,0.8,0.0,0.0
2013-11-02 00:00:00,,0.8,3.6,
2013-11-02 01:00:00,,0.0,0.0,
2013-11-02 02:00:00,,0.0,0.0,
2013-11-02 03:00:00,,0.0,0.0,
2013-11-02 04:00:00,,0.0,0.0,
2013-11-02 05:00:00,,0.5,0.0,
2013-11-02 06:00:00,1.3,6.1,0.0,
2013-11-02 07:00:00,3.7,35.0,0.0,0.0
2013-11-02 08:00:00,4.8,32.2,11.5,0.0
2013-11-02 09:00:00,1.8,34.8,19.9,0.4
2013-11-02 10:00:00,4.0,24.2,24.9,4.8
2013-11-02 11:00:00,4.6,25.7,22.0,13.4
2013-11-02 12:00:00,2.5,24.2,24.1,5.3
2013-11-02 13:00:00,14.3,17.6,16.0,1.1
2013-11-02 14:00:00,1.9,12.5,11.0,2.5
2013-11-02 15:00:00,1.9,16.5,6.6,0.0
2013-11-02 16:00:00,2.2,22.9,29.8,0.0
2013-11-02 17:00:00,6.9,17.2,31.8,0.8
2013-11-02 18:00:00,2.5,5.6,33.7,0.5
2013-11-02 19:00:00,0.0,2.4,25.0,0.0
2013-11-02 20:00:00,,8.3,20.3,0.0
2013-11-02 21:00:00,,1.5,10.2,0.0
2013-11-02 22:00:00,,2.3,1.4,0.0
2013-11-02 23:00:00,,6.4,7.3,0.0
2013-11-03 00:00:00,,0.2,0.0,
2013-11-03 01:00:00,,0.1,0.0,
2013-11-03 02:00:00,,0.0,0.0,
2013-11-03 03:00:00,,0.2,0.0,
2013-11-03 04:00:00,,0.2,0.0,
2013-11-03 05:00:00,,1.5,0.0,
2013-11-03 06:00:00,0.0,3.1,1.9,
2013-11-03 07:00:00,2.4,29.3,2.3,0.0
2013-11-03 08:00:00,7.9,40.9,0.0,0.0
2013-11-03 09:00:00,2.9,38.7,6.8,0.0
2013-11-03 10:00:00,5.6,34.6,1.8,0.0
2013-11-03 11:00:00,3.8,29.3,1.3,0.0
2013-11-03 12:00:00,2.5,8.4,0.0,0.0
2013-11-03 13:00:00,3.4,10.9,12.0,7.1
2013-11-03 14:00:00,3.3,4.1,4.5,3.9
2013-11-03 15:00:00,1.2,8.4,1.9,1.3
2013-11-03 16:00:00,3.5,4.7,24.9,4.2
2013-11-03 17:00:00,2.3,3.1,32.6,1.5
2013-11-03 18:00:00,0.3,4.9,22.7,0.3
2013-11-03 19:00:00,0.0,5.5,25.9,0.0
2013-11-03 20:00:00,0.3,0.3,29.8,3.1
2013-11-03 21:00:00,0.0,0.4,5.7,0.0
2013-11-03 22:00:00,0.0,0.7,0.0,0.0
2013-11-03 23:00:00,0.0,0.2,0.0,0.0
2013-11-09 00:00:00,,3.8,0.0,
2013-11-09 01:00:00,,0.6,0.0,
2013-11-09 02:00:00,,0.0,0.0,
2013-11-09 03:00:00,,0.0,0.0,
2013-11-09 04:00:00,,0.6,0.0,
2013-11-09 05:00:00,3.0,5.6,0.0,
2013-11-09 06:00:00,2.5,20.9,3.1,
2013-11-09 07:00:00,10.7,47.1,1.8,0.0
2013-11-09 08:00:00,10.9,56.9,0.0,0.0
2013-11-09 09:00:00,5.5,59.8,7.5,0.0
2013-11-09 10:00:00,7.5,66.8,35.9,0.0
2013-11-09 11:00:00,10.7,57.3,43.3,0.0
2013-11-09 12:00:00,9.8,45.4,23.7,4.1
2013-11-09 13:00:00,9.1,29.7,19.8,1.0
2013-11-09 14:00:00,2.9,22.1,14.4,3.7
2013-11-09 15:00:00,5.2,19.0,14.8,4.8
2013-11-09 16:00:00,1.7,31.7,17.8,5.0
2013-11-09 17:00:00,2.5,33.2,14.5,1.2
2013-11-09 18:00:00,1.1,18.8,21.5,2.3
2013-11-09 19:00:00,0.0,1.5,30.5,0.0
2013-11-09 20:00:00,,3.6,51.7,0.0
2013-11-09 21:00:00,,4.4,46.3,0.0
2013-11-09 22:00:00,,3.6,18.1,0.0
2013-11-09 23:00:00,,1.4,13.3,0.0
2013-11-10 00:00:00,,0.0,0.0,
2013-11-10 01:00:00,,0.2,0.0,
2013-11-10 02:00:00,,0.0,7.4,
2013-11-10 03:00:00,,0.0,0.0,
2013-11-10 04:00:00,,0.0,0.0,
2013-11-10 05:00:00,,0.5,0.0,
2013-11-10 06:00:00,0.0,0.4,6.1,
2013-11-10 07:00:00,2.3,11.7,15.1,1.1
2013-11-10 08:00:00,2.8,37.8,2.8,0.0
2013-11-10 09:00:00,2.2,61.2,1.3,0.0
2013-11-10 10:00:00,4.5,46.8,3.8,0.0
2013-11-10 11:00:00,5.3,49.1,0.0,0.0
2013-11-10 12:00:00,3.6,38.2,7.0,0.0
2013-11-10 13:00:00,3.0,36.4,11.3,4.1
2013-11-10 14:00:00,2.2,25.9,1.3,1.7
2013-11-10 15:00:00,2.2,24.8,2.8,2.3
2013-11-10 16:00:00,1.7,21.1,30.5,14.4
2013-11-10 17:00:00,0.5,15.1,37.5,7.5
2013-11-10 18:00:00,0.0,3.3,,
2013-11-10 19:00:00,0.0,1.1,,
2013-11-10 20:00:00,,2.3,,
2013-11-10 21:00:00,,3.3,,
2013-11-10 22:00:00,,1.2,,
2013-11-10 23:00:00,,3.7,,
2013-11-16 00:00:00,,0.8,0.0,
2013-11-16 01:00:00,,0.5,3.8,
2013-11-16 02:00:00,,0.0,0.0,
2013-11-16 03:00:00,,0.0,0.0,
2013-11-16 04:00:00,,0.0,0.0,
2013-11-16 05:00:00,,0.7,0.0,
2013-11-16 06:00:00,0.6,7.9,1.6,
2013-11-16 07:00:00,5.7,38.3,0.0,0.0
2013-11-16 08:00:00,3.5,41.3,0.0,0.0
2013-11-16 09:00:00,3.4,35.7,0.0,0.0
2013-11-16 10:00:00,4.2,32.1,0.0,0.4
2013-11-16 11:00:00,4.8,32.9,0.0,1.8
2013-11-16 12:00:00,3.9,15.6,14.3,4.8
2013-11-16 13:00:00,2.8,23.7,13.2,0.5
2013-11-16 14:00:00,1.8,14.4,6.0,0.0
2013-11-16 15:00:00,4.5,8.7,7.8,1.8
2013-11-16 16:00:00,0.0,5.3,32.0,0.3
2013-11-16 17:00:00,0.0,3.5,40.6,0.0
2013-11-16 18:00:00,0.3,6.7,42.8,0.0
2013-11-16 19:00:00,0.0,5.3,40.2,0.0
2013-11-16 20:00:00,,1.0,25.5,0.9
2013-11-16 21:00:00,,3.3,13.2,0.0
2013-11-16 22:00:00,,2.2,0.0,1.7
2013-11-16 23:00:00,,3.9,0.0,0.0
2013-11-17 00:00:00,,0.1,0.0,
2013-11-17 01:00:00,,0.0,3.5,
2013-11-17 02:00:00,,0.0,0.0,
2013-11-17 03:00:00,,0.0,0.0,
2013-11-17 04:00:00,,0.0,0.0,
2013-11-17 05:00:00,,0.3,0.0,
2013-11-17 06:00:00,,1.3,0.0,
2013-11-17 07:00:00,,27.3,0.0,0.0
2013-11-17 08:00:00,5.6,35.1,0.0,0.0
2013-11-17 09:00:00,10.4,34.7,0.0,0.0
2013-11-17 10:00:00,9.3,25.7,0.0,0.0
2013-11-17 11:00:00,3.1,23.7,0.0,0.8
2013-11-17 12:00:00,2.8,23.3,0.0,0.0
2013-11-17 13:00:00,1.0,14.1,16.5,1.3
2013-11-17 14:00:00,2.3,3.1,14.3,0.0
2013-11-17 15:00:00,0.9,1.7,14.6,6.5
2013-11-17 16:00:00,0.9,0.8,16.5,0.0
2013-11-17 17:00:00,0.0,4.2,29.8,7.6
2013-11-17 18:00:00,0.0,1.3,39.3,0.8
2013-11-17 19:00:00,0.0,1.3,47.9,0.9
2013-11-17 20:00:00,0.0,1.7,30.6,0.0
2013-11-17 21:00:00,0.0,2.8,5.3,0.0
2013-11-17 22:00:00,0.1,0.8,0.0,1.5
2013-11-17 23:00:00,0.0,0.2,0.0,1.5
2013-11-23 00:00:00,,0.3,0.0,
2013-11-23 01:00:00,,0.2,2.3,
2013-11-23 02:00:00,,0.0,0.0,
2013-11-23 03:00:00,,0.0,0.0,
2013-11-23 04:00:00,,0.0,0.0,
2013-11-23 05:00:00,,1.0,0.0,
2013-11-23 06:00:00,1.0,12.5,0.0,
2013-11-23 07:00:00,4.6,40.8,0.7,0.0
2013-11-23 08:00:00,4.5,63.1,0.0,0.0
2013-11-23 09:00:00,5.1,56.6,0.0,0.0
2013-11-23 10:00:00,9.4,37.0,0.0,0.0
2013-11-23 11:00:00,16.1,38.8,6.4,2.3
2013-11-23 12:00:00,5.5,21.6,6.7,1.5
2013-11-23 13:00:00,3.3,11.6,0.0,0.0
2013-11-23 14:00:00,1.0,9.8,0.0,0.0
2013-11-23 15:00:00,0.4,2.8,20.3,0.7
2013-11-23 16:00:00,3.3,7.0,41.2,2.3
2013-11-23 17:00:00,0.0,9.4,47.8,1.3
2013-11-23 18:00:00,0.2,3.9,38.4,1.4
2013-11-23 19:00:00,0.0,1.3,46.7,1.0
2013-11-23 20:00:00,,0.3,24.8,0.0
2013-11-23 21:00:00,,2.0,12.8,0.0
2013-11-23 22:00:00,,0.8,14.8,1.8
2013-11-23 23:00:00,,5.1,4.1,0.0
2013-11-24 00:00:00,,1.2,7.4,
2013-11-24 01:00:00,,0.0,5.3,
2013-11-24 02:00:00,,0.0,0.0,
2013-11-24 03:00:00,,0.0,0.0,
2013-11-24 04:00:00,,0.0,0.0,
2013-11-24 05:00:00,,0.3,0.0,
2013-11-24 06:00:00,0.3,2.1,2.6,
2013-11-24 07:00:00,1.6,24.2,0.0,0.0
2013-11-24 08:00:00,2.5,38.0,2.5,0.0
2013-11-24 09:00:00,11.3,29.5,0.0,0.0
2013-11-24 10:00:00,11.5,22.9,0.0,0.3
2013-11-24 11:00:00,18.3,31.3,0.0,4.0
2013-11-24 12:00:00,11.8,18.5,0.0,4.1
2013-11-24 13:00:00,4.8,8.1,6.8,1.1
2013-11-24 14:00:00,5.3,17.1,2.4,0.0
2013-11-24 15:00:00,4.8,24.6,2.0,0.0
2013-11-24 16:00:00,0.7,14.3,14.5,7.7
2013-11-24 17:00:00,1.6,18.6,27.6,11.8
2013-11-24 18:00:00,1.3,13.4,41.3,0.3
2013-11-24 19:00:00,,1.8,49.0,0.0
2013-11-24 20:00:00,,1.5,,
2013-11-24 21:00:00,,0.3,12.5,6.3
2013-11-24 22:00:00,,0.5,0.0,0.0
2013-11-24 23:00:00,,1.4,0.0,0.0
2013-11-30 00:00:00,,1.2,0.0,
2013-11-30 01:00:00,,0.0,1.3,
2013-11-30 02:00:00,,0.0,0.0,
2013-11-30 03:00:00,,0.0,0.0,
2013-11-30 04:00:00,,0.2,0.0,
2013-11-30 05:00:00,,6.5,0.0,
2013-11-30 06:00:00,3.4,23.4,1.5,
2013-11-30 07:00:00,3.3,40.2,6.2,0.0
2013-11-30 08:00:00,7.9,39.1,5.7,0.0
2013-11-30 09:00:00,8.5,37.8,0.0,0.0
2013-11-30 10:00:00,12.6,13.6,0.0,0.8
2013-11-30 11:00:00,7.9,10.8,16.4,0.0
2013-11-30 12:00:00,6.3,8.3,28.4,0.0
2013-11-30 13:00:00,14.4,15.6,23.3,0.0
2013-11-30 14:00:00,7.0,19.5,12.7,0.0
2013-11-30 15:00:00,6.3,17.1,1.3,2.9
2013-11-30 16:00:00,1.8,9.1,10.9,1.3
2013-11-30 17:00:00,2.1,18.2,27.2,1.5
2013-11-30 18:00:00,0.0,3.3,20.6,0.0
2013-11-30 19:00:00,0.1,6.6,15.8,0.0
2013-11-30 20:00:00,,21.3,16.6,3.8
2013-11-30 21:00:00,,24.6,14.1,1.6
2013-11-30 22:00:00,,4.9,2.4,4.7
2013-11-30 23:00:00,,1.1,0.0,0.8
2013-12-01 00:00:00,,0.8,0.0,0.0
2013-12-01 01:00:00,,0.3,0.0,
2013-12-01 02:00:00,,0.0,0.0,
2013-12-01 03:00:00,,0.0,0.0,
2013-12-01 04:00:00,,0.0,0.0,
2013-12-01 05:00:00,,0.6,0.0,
2013-12-01 06:00:00,,12.3,0.0,
2013-12-01 07:00:00,,39.5,0.0,0.0
2013-12-01 08:00:00,5.3,33.8,0.0,0.0
2013-12-01 09:00:00,8.4,21.9,0.0,0.0
2013-12-01 10:00:00,8.4,11.2,0.0,0.0
2013-12-01 11:00:00,2.9,22.4,0.0,1.4
2013-12-01 12:00:00,4.2,25.0,10.4,0.0
2013-12-01 13:00:00,3.7,34.9,9.0,0.0
2013-12-01 14:00:00,2.9,37.1,,
2013-12-01 15:00:00,4.6,42.3,,
2013-12-01 16:00:00,1.3,33.7,,
2013-12-01 17:00:00,1.4,22.8,,
2013-12-01 18:00:00,0.0,5.8,,
2013-12-01 19:00:00,0.0,2.3,,
2013-12-01 20:00:00,0.4,6.4,,
2013-12-01 21:00:00,0.3,6.4,,
2013-12-01 22:00:00,0.0,1.0,,
2013-12-01 23:00:00,0.0,0.0,,
2013-12-07 00:00:00,0.0,0.0,0.0,0.0
2013-12-07 01:00:00,,0.0,0.0,
2013-12-07 02:00:00,,0.1,0.0,
2013-12-07 03:00:00,,0.0,0.0,
2013-12-07 04:00:00,,0.0,0.0,
2013-12-07 05:00:00,,0.3,0.0,
2013-12-07 06:00:00,0.8,8.5,0.0,
2013-12-07 07:00:00,2.2,33.5,3.9,0.0
2013-12-07 08:00:00,6.9,39.6,0.0,0.0
2013-12-07 09:00:00,26.8,53.8,0.0,0.0
2013-12-07 10:00:00,21.5,55.8,3.3,0.0
2013-12-07 11:00:00,20.5,35.8,12.9,2.5
2013-12-07 12:00:00,7.7,32.0,30.6,0.6
2013-12-07 13:00:00,6.7,36.5,28.4,0.0
2013-12-07 14:00:00,19.1,24.9,24.3,0.0
2013-12-07 15:00:00,6.3,10.2,19.8,4.4
2013-12-07 16:00:00,0.2,6.9,23.3,13.5
2013-12-07 17:00:00,0.7,8.1,44.4,5.4
2013-12-07 18:00:00,0.0,0.8,54.9,0.0
2013-12-07 19:00:00,0.0,0.5,53.4,3.3
2013-12-07 20:00:00,0.0,0.2,24.1,0.0
2013-12-07 21:00:00,0.0,0.4,9.8,3.8
2013-12-07 22:00:00,0.5,4.8,0.0,1.6
2013-12-07 23:00:00,0.0,0.5,0.0,0.0
2013-12-08 00:00:00,,0.3,0.0,0.0
2013-12-08 01:00:00,,0.0,0.0,
2013-12-08 02:00:00,,0.0,1.0,
2013-12-08 03:00:00,,0.0,0.0,
2013-12-08 04:00:00,,0.0,0.0,
2013-12-08 05:00:00,,0.1,0.0,
2013-12-08 06:00:00,1.3,6.6,0.0,
2013-12-08 07:00:00,4.8,29.3,0.0,0.0
2013-12-08 08:00:00,5.6,27.4,0.0,0.0
2013-12-08 09:00:00,21.3,17.3,0.0,0.0
2013-12-08 10:00:00,6.4,8.8,0.0,0.0
2013-12-08 11:00:00,3.8,15.0,0.0,2.5
2013-12-08 12:00:00,17.9,11.3,13.7,0.0
2013-12-08 13:00:00,15.1,9.6,29.7,0.0
2013-12-08 14:00:00,4.3,9.8,17.5,0.0
2013-12-08 15:00:00,1.6,2.2,25.8,0.8
2013-12-08 16:00:00,0.0,1.9,28.3,9.6
2013-12-08 17:00:00,0.0,0.5,39.6,2.2
2013-12-08 18:00:00,0.0,0.7,42.8,0.3
2013-12-08 19:00:00,0.0,0.7,40.1,0.0
2013-12-08 20:00:00,,1.3,40.6,1.9
2013-12-08 21:00:00,,1.4,9.0,2.7
2013-12-08 22:00:00,,0.3,0.0,0.0
2013-12-08 23:00:00,,0.8,0.0,0.0
2013-12-14 00:00:00,,0.8,9.2,0.0
2013-12-14 01:00:00,,0.2,2.1,
2013-12-14 02:00:00,,0.0,0.0,
2013-12-14 03:00:00,,0.0,0.0,
2013-12-14 04:00:00,,0.0,0.0,
2013-12-14 05:00:00,,0.9,0.0,
2013-12-14 06:00:00,0.5,5.9,0.0,
2013-12-14 07:00:00,6.3,40.9,0.0,0.0
2013-12-14 08:00:00,12.5,57.3,1.5,0.0
2013-12-14 09:00:00,5.7,43.2,0.0,0.0
2013-12-14 10:00:00,8.6,41.7,0.0,0.0
2013-12-14 11:00:00,9.6,48.3,2.8,0.0
2013-12-14 12:00:00,7.5,44.4,25.2,0.4
2013-12-14 13:00:00,3.1,26.8,15.8,1.3
2013-12-14 14:00:00,4.3,30.4,9.4,2.3
2013-12-14 15:00:00,3.6,6.2,0.0,7.2
2013-12-14 16:00:00,3.3,12.8,21.2,8.8
2013-12-14 17:00:00,0.6,11.2,36.7,4.3
2013-12-14 18:00:00,0.0,2.0,42.9,0.4
2013-12-14 19:00:00,0.0,1.3,43.5,0.4
2013-12-14 20:00:00,0.0,0.5,31.2,2.5
2013-12-14 21:00:00,0.0,1.3,8.0,0.0
2013-12-14 22:00:00,0.0,1.3,8.3,0.0
2013-12-14 23:00:00,0.0,2.2,15.3,0.0
2013-12-15 00:00:00,0.0,0.6,10.6,0.0
2013-12-15 01:00:00,0.0,0.0,0.0,
2013-12-15 02:00:00,,0.0,0.0,
2013-12-15 03:00:00,,0.0,0.0,
2013-12-15 04:00:00,,0.0,0.0,
2013-12-15 05:00:00,,0.8,0.0,
2013-12-15 06:00:00,,7.1,0.0,
2013-12-15 07:00:00,1.0,42.8,0.0,0.0
2013-12-15 08:00:00,4.9,38.2,0.0,0.0
2013-12-15 09:00:00,8.8,34.5,0.0,0.0
2013-12-15 10:00:00,17.7,33.3,0.0,0.0
2013-12-15 11:00:00,8.3,28.9,0.0,0.6
2013-12-15 12:00:00,2.9,21.1,0.0,1.1
2013-12-15 13:00:00,14.4,14.2,15.3,0.0
2013-12-15 14:00:00,1.3,5.1,21.3,0.0
2013-12-15 15:00:00,4.2,4.4,20.4,1.9
2013-12-15 16:00:00,0.2,6.3,20.2,12.2
2013-12-15 17:00:00,0.0,0.8,30.5,9.8
2013-12-15 18:00:00,0.0,0.5,34.0,1.7
2013-12-15 19:00:00,0.0,0.8,32.7,4.8
2013-12-15 20:00:00,0.0,0.4,18.6,0.3
2013-12-15 21:00:00,,1.2,11.2,0.3
2013-12-15 22:00:00,,0.1,0.0,0.0
2013-12-15 23:00:00,,0.1,0.0,0.0
2013-12-21 00:00:00,0.0,1.0,0.0,0.0
2013-12-21 01:00:00,0.0,0.0,3.0,
2013-12-21 02:00:00,,0.0,0.0,
2013-12-21 03:00:00,,0.0,8.0,
2013-12-21 04:00:00,,0.0,1.3,
2013-12-21 05:00:00,3.0,3.1,0.0,
2013-12-21 06:00:00,0.2,2.0,0.0,
2013-12-21 07:00:00,3.5,4.0,7.5,0.0
2013-12-21 08:00:00,4.0,23.2,0.0,0.0
2013-12-21 09:00:00,15.5,32.8,0.0,1.2
2013-12-21 10:00:00,15.2,45.3,0.0,1.5
2013-12-21 11:00:00,15.0,56.0,14.0,0.0
2013-12-21 12:00:00,12.9,57.2,34.5,0.0
2013-12-21 13:00:00,11.4,44.5,40.4,0.0
2013-12-21 14:00:00,2.8,23.2,32.5,0.0
2013-12-21 15:00:00,6.7,16.5,24.5,0.0
2013-12-21 16:00:00,0.3,2.9,35.9,0.8
2013-12-21 17:00:00,0.0,3.3,51.4,2.8
2013-12-21 18:00:00,0.1,3.3,37.3,0.0
2013-12-21 19:00:00,0.0,0.7,34.7,0.0
2013-12-21 20:00:00,,0.7,43.7,0.0
2013-12-21 21:00:00,,1.5,19.4,0.0
2013-12-21 22:00:00,,2.7,0.0,3.3
2013-12-21 23:00:00,,12.0,0.0,0.0
2013-12-22 00:00:00,,5.0,7.5,0.0
2013-12-22 01:00:00,,0.3,0.0,
2013-12-22 02:00:00,,0.0,0.0,
2013-12-22 03:00:00,,0.0,0.0,
2013-12-22 04:00:00,,0.0,0.0,
2013-12-22 05:00:00,,0.7,0.0,
2013-12-22 06:00:00,,16.4,0.0,
2013-12-22 07:00:00,,44.2,1.3,0.0
2013-12-22 08:00:00,10.8,46.3,0.0,0.0
2013-12-22 09:00:00,2.9,39.6,0.0,0.0
2013-12-22 10:00:00,3.5,37.4,14.1,0.0
2013-12-22 11:00:00,4.3,32.3,17.3,3.8
2013-12-22 12:00:00,2.3,18.4,70.4,3.7
2013-12-22 13:00:00,1.6,16.3,74.5,5.9
2013-12-22 14:00:00,2.7,13.3,57.8,2.4
2013-12-22 15:00:00,0.1,2.3,41.7,0.4
2013-12-22 16:00:00,0.0,1.9,46.1,1.7
2013-12-22 17:00:00,0.0,1.4,34.8,0.0
2013-12-22 18:00:00,0.0,0.3,22.8,0.0
2013-12-22 19:00:00,0.0,1.3,21.7,0.0
2013-12-22 20:00:00,,6.3,18.1,4.8
2013-12-22 21:00:00,,2.4,7.5,1.7
2013-12-22 22:00:00,,8.8,0.0,0.0
2013-12-22 23:00:00,,7.4,1.2,0.0
2013-12-28 00:00:00,,0.1,4.8,0.0
2013-12-28 01:00:00,,0.6,20.5,
2013-12-28 02:00:00,,0.7,10.2,
2013-12-28 03:00:00,,0.0,0.0,
2013-12-28 04:00:00,,0.0,0.0,
2013-12-28 05:00:00,,2.6,0.0,
2013-12-28 06:00:00,0.4,3.1,0.0,
2013-12-28 07:00:00,2.8,25.7,0.8,0.0
2013-12-28 08:00:00,6.8,47.3,0.0,0.0
2013-12-28 09:00:00,7.5,63.3,0.0,0.0
2013-12-28 10:00:00,7.0,66.3,31.5,0.0
2013-12-28 11:00:00,13.8,67.0,48.8,0.0
2013-12-28 12:00:00,6.7,64.0,37.5,1.6
2013-12-28 13:00:00,7.2,51.7,27.2,1.9
2013-12-28 14:00:00,9.8,36.6,15.6,1.9
2013-12-28 15:00:00,2.9,30.3,12.6,1.6
2013-12-28 16:00:00,1.3,15.8,19.7,4.0
2013-12-28 17:00:00,0.1,2.8,16.3,5.7
2013-12-28 18:00:00,0.0,2.9,42.1,0.0
2013-12-28 19:00:00,0.2,2.5,59.7,3.0
2013-12-28 20:00:00,0.0,1.9,43.0,5.5
2013-12-28 21:00:00,0.6,7.8,19.0,5.8
2013-12-28 22:00:00,1.1,7.0,8.8,0.8
2013-12-28 23:00:00,0.2,3.2,21.5,0.0
2013-12-29 00:00:00,0.0,1.3,8.4,0.0
2013-12-29 01:00:00,,0.3,0.0,
2013-12-29 02:00:00,,0.0,0.0,
2013-12-29 03:00:00,,0.0,0.0,
2013-12-29 04:00:00,,0.0,0.0,
2013-12-29 05:00:00,,0.7,0.0,
2013-12-29 06:00:00,0.0,3.0,1.5,
2013-12-29 07:00:00,2.1,22.7,0.8,0.0
2013-12-29 08:00:00,6.3,39.3,0.0,0.0
2013-12-29 09:00:00,7.3,50.3,0.0,0.0
2013-12-29 10:00:00,5.1,38.0,1.4,0.0
2013-12-29 11:00:00,1.8,49.3,17.2,0.0
2013-12-29 12:00:00,2.7,38.5,27.8,0.0
2013-12-29 13:00:00,2.6,45.3,44.7,0.0
2013-12-29 14:00:00,5.4,31.3,29.3,0.0
2013-12-29 15:00:00,3.3,10.9,10.3,2.9
2013-12-29 16:00:00,0.3,2.0,33.4,0.9
2013-12-29 17:00:00,0.0,4.2,45.7,0.4
2013-12-29 18:00:00,1.1,10.0,62.8,0.0
2013-12-29 19:00:00,0.6,14.2,65.3,7.7
2013-12-29 20:00:00,0.4,5.0,79.6,2.6
2013-12-29 21:00:00,,4.8,51.9,7.1
2013-12-29 22:00:00,,2.8,31.9,7.8
2013-12-29 23:00:00,,1.3,4.2,0.0
